delivery_id,purchase_order_id,delivery_date,delivery_status,notes
1,1,2025-11-07,received,Demand-driven synthetic replenishment delivery
2,2,2025-11-06,received,Demand-driven synthetic replenishment delivery
3,3,2025-11-07,received,Demand-driven synthetic replenishment delivery
4,4,2025-11-07,received,Demand-driven synthetic replenishment delivery
5,5,2025-11-07,received,Demand-driven synthetic replenishment delivery
6,6,2025-11-09,received,Demand-driven synthetic replenishment delivery
7,7,2025-11-06,received,Demand-driven synthetic replenishment delivery
8,8,2025-11-04,received,Demand-driven synthetic replenishment delivery
9,9,2025-11-08,received,Demand-driven synthetic replenishment delivery
10,10,2025-11-08,received,Demand-driven synthetic replenishment delivery
11,11,2025-11-09,received,Demand-driven synthetic replenishment delivery
12,12,2025-11-10,received,Demand-driven synthetic replenishment delivery
13,13,2025-11-07,received,Demand-driven synthetic replenishment delivery
14,14,2025-11-08,received,Demand-driven synthetic replenishment delivery
15,15,2025-11-08,received,Demand-driven synthetic replenishment delivery
16,16,2025-11-08,received,Demand-driven synthetic replenishment delivery
17,17,2025-11-09,partial,Demand-driven synthetic replenishment delivery
18,18,2025-11-10,received,Demand-driven synthetic replenishment delivery
19,19,2025-11-14,received,Demand-driven synthetic replenishment delivery
20,20,2025-11-15,received,Demand-driven synthetic replenishment delivery
21,21,2025-11-15,received,Demand-driven synthetic replenishment delivery
22,22,2025-11-15,received,Demand-driven synthetic replenishment delivery
23,23,2025-11-16,received,Demand-driven synthetic replenishment delivery
24,24,2025-11-17,received,Demand-driven synthetic replenishment delivery
25,25,2025-11-14,received,Demand-driven synthetic replenishment delivery
26,26,2025-11-15,received,Demand-driven synthetic replenishment delivery
27,27,2025-11-15,received,Demand-driven synthetic replenishment delivery
28,28,2025-11-15,received,Demand-driven synthetic replenishment delivery
29,29,2025-11-16,received,Demand-driven synthetic replenishment delivery
30,30,2025-11-24,received,Demand-driven synthetic replenishment delivery
31,31,2025-11-21,received,Demand-driven synthetic replenishment delivery
32,32,2025-11-22,received,Demand-driven synthetic replenishment delivery
33,33,2025-11-22,received,Demand-driven synthetic replenishment delivery
34,34,2025-11-22,partial,Demand-driven synthetic replenishment delivery
35,35,2025-11-23,received,Demand-driven synthetic replenishment delivery
36,36,2025-11-24,received,Demand-driven synthetic replenishment delivery
37,37,2025-11-21,received,Demand-driven synthetic replenishment delivery
38,38,2025-11-22,received,Demand-driven synthetic replenishment delivery
39,39,2025-11-22,received,Demand-driven synthetic replenishment delivery
40,40,2025-11-29,received,Demand-driven synthetic replenishment delivery
41,41,2025-11-30,received,Demand-driven synthetic replenishment delivery
42,42,2025-12-01,received,Demand-driven synthetic replenishment delivery
43,43,2025-11-28,received,Demand-driven synthetic replenishment delivery
44,44,2025-11-29,received,Demand-driven synthetic replenishment delivery
45,45,2025-11-29,received,Demand-driven synthetic replenishment delivery
46,46,2025-11-29,received,Demand-driven synthetic replenishment delivery
47,47,2025-11-30,received,Demand-driven synthetic replenishment delivery
48,48,2025-12-01,received,Demand-driven synthetic replenishment delivery
49,49,2025-11-28,received,Demand-driven synthetic replenishment delivery
50,50,2025-12-06,received,Demand-driven synthetic replenishment delivery
51,51,2025-12-06,partial,Demand-driven synthetic replenishment delivery
52,52,2025-12-06,received,Demand-driven synthetic replenishment delivery
53,53,2025-12-07,received,Demand-driven synthetic replenishment delivery
54,54,2025-12-08,received,Demand-driven synthetic replenishment delivery
55,55,2025-12-05,received,Demand-driven synthetic replenishment delivery
56,56,2025-12-06,received,Demand-driven synthetic replenishment delivery
57,57,2025-12-06,received,Demand-driven synthetic replenishment delivery
58,58,2025-12-06,received,Demand-driven synthetic replenishment delivery
59,59,2025-12-07,received,Demand-driven synthetic replenishment delivery
60,60,2025-12-15,received,Demand-driven synthetic replenishment delivery
61,61,2025-12-12,received,Demand-driven synthetic replenishment delivery
62,62,2025-12-13,received,Demand-driven synthetic replenishment delivery
63,63,2025-12-13,received,Demand-driven synthetic replenishment delivery
64,64,2025-12-13,received,Demand-driven synthetic replenishment delivery
65,65,2025-12-14,received,Demand-driven synthetic replenishment delivery
66,66,2025-12-15,received,Demand-driven synthetic replenishment delivery
67,67,2025-12-12,received,Demand-driven synthetic replenishment delivery
68,68,2025-12-13,partial,Demand-driven synthetic replenishment delivery
69,69,2025-12-13,received,Demand-driven synthetic replenishment delivery
70,70,2025-12-20,received,Demand-driven synthetic replenishment delivery
71,71,2025-12-21,received,Demand-driven synthetic replenishment delivery
72,72,2025-12-22,received,Demand-driven synthetic replenishment delivery
73,73,2025-12-19,received,Demand-driven synthetic replenishment delivery
74,74,2025-12-20,received,Demand-driven synthetic replenishment delivery
75,75,2025-12-20,received,Demand-driven synthetic replenishment delivery
76,76,2025-12-20,received,Demand-driven synthetic replenishment delivery
77,77,2025-12-21,received,Demand-driven synthetic replenishment delivery
78,78,2025-12-22,received,Demand-driven synthetic replenishment delivery
79,79,2025-12-19,received,Demand-driven synthetic replenishment delivery
80,80,2025-12-27,received,Demand-driven synthetic replenishment delivery
81,81,2025-12-27,received,Demand-driven synthetic replenishment delivery
82,82,2025-12-27,received,Demand-driven synthetic replenishment delivery
83,83,2025-12-28,received,Demand-driven synthetic replenishment delivery
84,84,2025-12-29,received,Demand-driven synthetic replenishment delivery
85,85,2025-12-26,partial,Demand-driven synthetic replenishment delivery
86,86,2025-12-27,received,Demand-driven synthetic replenishment delivery
87,87,2025-12-27,received,Demand-driven synthetic replenishment delivery
88,88,2025-12-27,received,Demand-driven synthetic replenishment delivery
89,89,2025-12-28,received,Demand-driven synthetic replenishment delivery
90,90,2026-01-05,received,Demand-driven synthetic replenishment delivery
91,91,2026-01-02,received,Demand-driven synthetic replenishment delivery
92,92,2026-01-03,received,Demand-driven synthetic replenishment delivery
93,93,2026-01-03,received,Demand-driven synthetic replenishment delivery
94,94,2026-01-03,received,Demand-driven synthetic replenishment delivery
95,95,2026-01-04,received,Demand-driven synthetic replenishment delivery
96,96,2026-01-05,received,Demand-driven synthetic replenishment delivery
97,97,2026-01-02,received,Demand-driven synthetic replenishment delivery
98,98,2026-01-03,received,Demand-driven synthetic replenishment delivery
99,99,2026-01-03,received,Demand-driven synthetic replenishment delivery
100,100,2026-01-03,received,Demand-driven synthetic replenishment delivery
101,101,2026-01-11,received,Demand-driven synthetic replenishment delivery
102,102,2026-01-12,partial,Demand-driven synthetic replenishment delivery
103,103,2026-01-09,received,Demand-driven synthetic replenishment delivery
104,104,2026-01-10,received,Demand-driven synthetic replenishment delivery
105,105,2026-01-10,received,Demand-driven synthetic replenishment delivery
106,106,2026-01-10,received,Demand-driven synthetic replenishment delivery
107,107,2026-01-11,received,Demand-driven synthetic replenishment delivery
108,108,2026-01-12,received,Demand-driven synthetic replenishment delivery
109,109,2026-01-09,received,Demand-driven synthetic replenishment delivery
110,110,2026-01-10,received,Demand-driven synthetic replenishment delivery
111,111,2026-01-10,received,Demand-driven synthetic replenishment delivery
112,112,2026-01-17,received,Demand-driven synthetic replenishment delivery
113,113,2026-01-18,received,Demand-driven synthetic replenishment delivery
114,114,2026-01-19,received,Demand-driven synthetic replenishment delivery
115,115,2026-01-16,received,Demand-driven synthetic replenishment delivery
116,116,2026-01-17,received,Demand-driven synthetic replenishment delivery
117,117,2026-01-17,received,Demand-driven synthetic replenishment delivery
118,118,2026-01-17,received,Demand-driven synthetic replenishment delivery
119,119,2026-01-18,partial,Demand-driven synthetic replenishment delivery
120,120,2026-01-19,received,Demand-driven synthetic replenishment delivery
121,121,2026-01-16,received,Demand-driven synthetic replenishment delivery
122,122,2026-01-24,received,Demand-driven synthetic replenishment delivery
123,123,2026-01-24,received,Demand-driven synthetic replenishment delivery
124,124,2026-01-24,received,Demand-driven synthetic replenishment delivery
125,125,2026-01-25,received,Demand-driven synthetic replenishment delivery
126,126,2026-01-26,received,Demand-driven synthetic replenishment delivery
127,127,2026-01-23,received,Demand-driven synthetic replenishment delivery
128,128,2026-01-24,received,Demand-driven synthetic replenishment delivery
129,129,2026-01-24,received,Demand-driven synthetic replenishment delivery
130,130,2026-01-24,received,Demand-driven synthetic replenishment delivery
131,131,2026-01-25,received,Demand-driven synthetic replenishment delivery
132,132,2026-02-02,received,Demand-driven synthetic replenishment delivery
133,133,2026-01-30,received,Demand-driven synthetic replenishment delivery
134,134,2026-01-31,received,Demand-driven synthetic replenishment delivery
135,135,2026-01-31,received,Demand-driven synthetic replenishment delivery
136,136,2026-01-31,partial,Demand-driven synthetic replenishment delivery
137,137,2026-02-01,received,Demand-driven synthetic replenishment delivery
138,138,2026-02-02,received,Demand-driven synthetic replenishment delivery
139,139,2026-01-30,received,Demand-driven synthetic replenishment delivery
140,140,2026-01-31,received,Demand-driven synthetic replenishment delivery
141,141,2026-01-31,received,Demand-driven synthetic replenishment delivery
142,142,2026-02-07,received,Demand-driven synthetic replenishment delivery
143,143,2026-02-08,received,Demand-driven synthetic replenishment delivery
144,144,2026-02-09,received,Demand-driven synthetic replenishment delivery
145,145,2026-02-06,received,Demand-driven synthetic replenishment delivery
146,146,2026-02-07,received,Demand-driven synthetic replenishment delivery
147,147,2026-02-07,received,Demand-driven synthetic replenishment delivery
148,148,2026-02-07,received,Demand-driven synthetic replenishment delivery
149,149,2026-02-08,received,Demand-driven synthetic replenishment delivery
150,150,2026-02-09,received,Demand-driven synthetic replenishment delivery
151,151,2026-02-06,received,Demand-driven synthetic replenishment delivery
152,152,2026-02-07,received,Demand-driven synthetic replenishment delivery
153,153,2026-02-14,partial,Demand-driven synthetic replenishment delivery
154,154,2026-02-14,received,Demand-driven synthetic replenishment delivery
155,155,2026-02-15,received,Demand-driven synthetic replenishment delivery
156,156,2026-02-16,received,Demand-driven synthetic replenishment delivery
157,157,2026-02-13,received,Demand-driven synthetic replenishment delivery
158,158,2026-02-14,received,Demand-driven synthetic replenishment delivery
159,159,2026-02-14,received,Demand-driven synthetic replenishment delivery
160,160,2026-02-14,received,Demand-driven synthetic replenishment delivery
161,161,2026-02-15,received,Demand-driven synthetic replenishment delivery
162,162,2026-02-16,received,Demand-driven synthetic replenishment delivery
163,163,2026-02-20,received,Demand-driven synthetic replenishment delivery
164,164,2026-02-21,received,Demand-driven synthetic replenishment delivery
165,165,2026-02-21,received,Demand-driven synthetic replenishment delivery
166,166,2026-02-21,received,Demand-driven synthetic replenishment delivery
167,167,2026-02-22,received,Demand-driven synthetic replenishment delivery
168,168,2026-02-23,received,Demand-driven synthetic replenishment delivery
169,169,2026-02-20,received,Demand-driven synthetic replenishment delivery
170,170,2026-02-21,partial,Demand-driven synthetic replenishment delivery
171,171,2026-02-21,received,Demand-driven synthetic replenishment delivery
172,172,2026-02-21,received,Demand-driven synthetic replenishment delivery
173,173,2026-03-01,received,Demand-driven synthetic replenishment delivery
174,174,2026-03-02,received,Demand-driven synthetic replenishment delivery
175,175,2026-02-27,received,Demand-driven synthetic replenishment delivery
176,176,2026-02-28,received,Demand-driven synthetic replenishment delivery
177,177,2026-02-28,received,Demand-driven synthetic replenishment delivery
178,178,2026-02-28,received,Demand-driven synthetic replenishment delivery
179,179,2026-03-01,received,Demand-driven synthetic replenishment delivery
180,180,2026-03-02,received,Demand-driven synthetic replenishment delivery
181,181,2026-02-27,received,Demand-driven synthetic replenishment delivery
182,182,2026-02-28,received,Demand-driven synthetic replenishment delivery
183,183,2026-03-07,received,Demand-driven synthetic replenishment delivery
184,184,2026-03-07,received,Demand-driven synthetic replenishment delivery
185,185,2026-03-08,received,Demand-driven synthetic replenishment delivery
186,186,2026-03-09,received,Demand-driven synthetic replenishment delivery
187,187,2026-03-06,partial,Demand-driven synthetic replenishment delivery
188,188,2026-03-07,received,Demand-driven synthetic replenishment delivery
189,189,2026-03-07,received,Demand-driven synthetic replenishment delivery
190,190,2026-03-07,received,Demand-driven synthetic replenishment delivery
191,191,2026-03-08,received,Demand-driven synthetic replenishment delivery
192,192,2026-03-09,received,Demand-driven synthetic replenishment delivery
193,193,2026-03-13,received,Demand-driven synthetic replenishment delivery
194,194,2026-03-14,received,Demand-driven synthetic replenishment delivery
195,195,2026-03-14,received,Demand-driven synthetic replenishment delivery
196,196,2026-03-14,received,Demand-driven synthetic replenishment delivery
197,197,2026-03-15,received,Demand-driven synthetic replenishment delivery
198,198,2026-03-16,received,Demand-driven synthetic replenishment delivery
199,199,2026-03-13,received,Demand-driven synthetic replenishment delivery
200,200,2026-03-14,received,Demand-driven synthetic replenishment delivery
201,201,2026-03-14,received,Demand-driven synthetic replenishment delivery
202,202,2026-03-14,received,Demand-driven synthetic replenishment delivery
203,203,2026-03-15,received,Demand-driven synthetic replenishment delivery
204,204,2026-03-23,partial,Demand-driven synthetic replenishment delivery
205,205,2026-03-20,received,Demand-driven synthetic replenishment delivery
206,206,2026-03-21,received,Demand-driven synthetic replenishment delivery
207,207,2026-03-21,received,Demand-driven synthetic replenishment delivery
208,208,2026-03-21,received,Demand-driven synthetic replenishment delivery
209,209,2026-03-22,received,Demand-driven synthetic replenishment delivery
210,210,2026-03-23,received,Demand-driven synthetic replenishment delivery
211,211,2026-03-20,received,Demand-driven synthetic replenishment delivery
212,212,2026-03-21,received,Demand-driven synthetic replenishment delivery
213,213,2026-03-21,received,Demand-driven synthetic replenishment delivery
214,214,2026-03-21,received,Demand-driven synthetic replenishment delivery
215,215,2026-03-29,received,Demand-driven synthetic replenishment delivery
216,216,2026-03-30,received,Demand-driven synthetic replenishment delivery
217,217,2026-03-27,received,Demand-driven synthetic replenishment delivery
218,218,2026-03-28,received,Demand-driven synthetic replenishment delivery
219,219,2026-03-28,received,Demand-driven synthetic replenishment delivery
220,220,2026-03-28,received,Demand-driven synthetic replenishment delivery
221,221,2026-03-29,partial,Demand-driven synthetic replenishment delivery
222,222,2026-03-30,received,Demand-driven synthetic replenishment delivery
223,223,2026-03-27,received,Demand-driven synthetic replenishment delivery
224,224,2026-03-28,received,Demand-driven synthetic replenishment delivery
225,225,2026-03-28,received,Demand-driven synthetic replenishment delivery
226,226,2026-04-04,received,Demand-driven synthetic replenishment delivery
227,227,2026-04-05,received,Demand-driven synthetic replenishment delivery
228,228,2026-04-06,received,Demand-driven synthetic replenishment delivery
229,229,2026-04-03,received,Demand-driven synthetic replenishment delivery
230,230,2026-04-04,received,Demand-driven synthetic replenishment delivery
231,231,2026-04-04,received,Demand-driven synthetic replenishment delivery
232,232,2026-04-04,received,Demand-driven synthetic replenishment delivery
233,233,2026-04-05,received,Demand-driven synthetic replenishment delivery
234,234,2026-04-06,received,Demand-driven synthetic replenishment delivery
235,235,2026-04-03,received,Demand-driven synthetic replenishment delivery
236,236,2026-04-11,received,Demand-driven synthetic replenishment delivery
237,237,2026-04-11,received,Demand-driven synthetic replenishment delivery
238,238,2026-04-11,partial,Demand-driven synthetic replenishment delivery
239,239,2026-04-12,received,Demand-driven synthetic replenishment delivery
240,240,2026-04-13,received,Demand-driven synthetic replenishment delivery
241,241,2026-04-10,received,Demand-driven synthetic replenishment delivery
242,242,2026-04-11,received,Demand-driven synthetic replenishment delivery
243,243,2026-04-11,received,Demand-driven synthetic replenishment delivery
244,244,2026-04-11,received,Demand-driven synthetic replenishment delivery
245,245,2026-04-12,received,Demand-driven synthetic replenishment delivery
246,246,2026-04-20,received,Demand-driven synthetic replenishment delivery
247,247,2026-04-17,received,Demand-driven synthetic replenishment delivery
248,248,2026-04-18,received,Demand-driven synthetic replenishment delivery
249,249,2026-04-18,received,Demand-driven synthetic replenishment delivery
250,250,2026-04-18,received,Demand-driven synthetic replenishment delivery
251,251,2026-04-19,received,Demand-driven synthetic replenishment delivery
252,252,2026-04-20,received,Demand-driven synthetic replenishment delivery
253,253,2026-04-17,received,Demand-driven synthetic replenishment delivery
254,254,2026-04-18,received,Demand-driven synthetic replenishment delivery
255,255,2026-04-18,partial,Demand-driven synthetic replenishment delivery
256,256,2026-04-18,received,Demand-driven synthetic replenishment delivery
257,257,2026-04-26,received,Demand-driven synthetic replenishment delivery
258,258,2026-04-27,received,Demand-driven synthetic replenishment delivery
259,259,2026-04-24,received,Demand-driven synthetic replenishment delivery
260,260,2026-04-25,received,Demand-driven synthetic replenishment delivery
261,261,2026-04-25,received,Demand-driven synthetic replenishment delivery
262,262,2026-04-25,received,Demand-driven synthetic replenishment delivery
263,263,2026-04-26,received,Demand-driven synthetic replenishment delivery
264,264,2026-04-27,received,Demand-driven synthetic replenishment delivery
265,265,2026-04-24,received,Demand-driven synthetic replenishment delivery
266,266,2026-04-25,received,Demand-driven synthetic replenishment delivery
267,267,2026-05-02,received,Demand-driven synthetic replenishment delivery
268,268,2026-05-02,received,Demand-driven synthetic replenishment delivery
269,269,2026-05-03,received,Demand-driven synthetic replenishment delivery
270,270,2026-05-04,received,Demand-driven synthetic replenishment delivery
271,271,2026-05-01,received,Demand-driven synthetic replenishment delivery
272,272,2026-05-02,partial,Demand-driven synthetic replenishment delivery
273,273,2026-05-02,received,Demand-driven synthetic replenishment delivery
274,274,2026-05-02,received,Demand-driven synthetic replenishment delivery
275,275,2026-05-03,received,Demand-driven synthetic replenishment delivery
276,276,2026-05-04,received,Demand-driven synthetic replenishment delivery
277,277,2026-05-08,received,Demand-driven synthetic replenishment delivery
278,278,2026-05-09,received,Demand-driven synthetic replenishment delivery
279,279,2026-05-09,received,Demand-driven synthetic replenishment delivery
280,280,2026-05-09,received,Demand-driven synthetic replenishment delivery
281,281,2026-05-10,received,Demand-driven synthetic replenishment delivery
282,282,2026-05-11,received,Demand-driven synthetic replenishment delivery
283,283,2026-05-08,received,Demand-driven synthetic replenishment delivery
284,284,2026-05-09,received,Demand-driven synthetic replenishment delivery
285,285,2026-05-09,received,Demand-driven synthetic replenishment delivery
286,286,2026-05-09,received,Demand-driven synthetic replenishment delivery
287,287,2026-05-17,received,Demand-driven synthetic replenishment delivery
288,288,2026-05-18,received,Demand-driven synthetic replenishment delivery
289,289,2026-05-15,partial,Demand-driven synthetic replenishment delivery
290,290,2026-05-16,received,Demand-driven synthetic replenishment delivery
291,291,2026-05-16,received,Demand-driven synthetic replenishment delivery
292,292,2026-05-16,received,Demand-driven synthetic replenishment delivery
293,293,2026-05-17,received,Demand-driven synthetic replenishment delivery
294,294,2026-05-18,received,Demand-driven synthetic replenishment delivery
295,295,2026-05-15,received,Demand-driven synthetic replenishment delivery
296,296,2026-05-16,received,Demand-driven synthetic replenishment delivery
297,297,2026-05-23,received,Demand-driven synthetic replenishment delivery
298,298,2026-05-23,received,Demand-driven synthetic replenishment delivery
299,299,2026-05-24,received,Demand-driven synthetic replenishment delivery
300,300,2026-05-25,received,Demand-driven synthetic replenishment delivery
301,301,2026-05-22,received,Demand-driven synthetic replenishment delivery
302,302,2026-05-23,received,Demand-driven synthetic replenishment delivery
303,303,2026-05-23,received,Demand-driven synthetic replenishment delivery
304,304,2026-05-23,received,Demand-driven synthetic replenishment delivery
305,305,2026-05-24,received,Demand-driven synthetic replenishment delivery
306,306,2026-05-25,partial,Demand-driven synthetic replenishment delivery
307,307,2026-05-29,received,Demand-driven synthetic replenishment delivery
308,308,2026-05-30,received,Demand-driven synthetic replenishment delivery
309,309,2026-05-30,received,Demand-driven synthetic replenishment delivery
310,310,2026-05-30,received,Demand-driven synthetic replenishment delivery
311,311,2026-05-31,received,Demand-driven synthetic replenishment delivery
312,312,2026-06-01,received,Demand-driven synthetic replenishment delivery
313,313,2026-05-29,received,Demand-driven synthetic replenishment delivery
314,314,2026-05-30,received,Demand-driven synthetic replenishment delivery
315,315,2026-05-30,received,Demand-driven synthetic replenishment delivery
316,316,2026-05-30,received,Demand-driven synthetic replenishment delivery
317,317,2026-05-31,received,Demand-driven synthetic replenishment delivery
318,318,2026-06-08,received,Demand-driven synthetic replenishment delivery
319,319,2026-06-05,received,Demand-driven synthetic replenishment delivery
320,320,2026-06-06,received,Demand-driven synthetic replenishment delivery
321,321,2026-06-06,received,Demand-driven synthetic replenishment delivery
322,322,2026-06-06,received,Demand-driven synthetic replenishment delivery
323,323,2026-06-07,partial,Demand-driven synthetic replenishment delivery
324,324,2026-06-08,received,Demand-driven synthetic replenishment delivery
325,325,2026-06-05,received,Demand-driven synthetic replenishment delivery
326,326,2026-06-06,received,Demand-driven synthetic replenishment delivery
327,327,2026-06-06,received,Demand-driven synthetic replenishment delivery
328,328,2026-06-06,received,Demand-driven synthetic replenishment delivery
329,329,2026-06-14,received,Demand-driven synthetic replenishment delivery
330,330,2026-06-15,received,Demand-driven synthetic replenishment delivery
331,331,2026-06-12,received,Demand-driven synthetic replenishment delivery
332,332,2026-06-13,received,Demand-driven synthetic replenishment delivery
333,333,2026-06-13,received,Demand-driven synthetic replenishment delivery
334,334,2026-06-13,received,Demand-driven synthetic replenishment delivery
335,335,2026-06-14,received,Demand-driven synthetic replenishment delivery
336,336,2026-06-15,received,Demand-driven synthetic replenishment delivery
337,337,2026-06-12,received,Demand-driven synthetic replenishment delivery
338,338,2026-06-13,received,Demand-driven synthetic replenishment delivery
339,339,2026-06-13,received,Demand-driven synthetic replenishment delivery
340,340,2026-06-20,partial,Demand-driven synthetic replenishment delivery
341,341,2026-06-21,received,Demand-driven synthetic replenishment delivery
342,342,2026-06-22,received,Demand-driven synthetic replenishment delivery
343,343,2026-06-19,received,Demand-driven synthetic replenishment delivery
344,344,2026-06-20,received,Demand-driven synthetic replenishment delivery
345,345,2026-06-20,received,Demand-driven synthetic replenishment delivery
346,346,2026-06-20,received,Demand-driven synthetic replenishment delivery
347,347,2026-06-21,received,Demand-driven synthetic replenishment delivery
348,348,2026-06-22,received,Demand-driven synthetic replenishment delivery
349,349,2026-06-19,received,Demand-driven synthetic replenishment delivery
350,350,2026-06-27,received,Demand-driven synthetic replenishment delivery
351,351,2026-06-27,received,Demand-driven synthetic replenishment delivery
352,352,2026-06-27,received,Demand-driven synthetic replenishment delivery
353,353,2026-06-28,received,Demand-driven synthetic replenishment delivery
354,354,2026-06-29,received,Demand-driven synthetic replenishment delivery
355,355,2026-06-26,received,Demand-driven synthetic replenishment delivery
356,356,2026-06-27,received,Demand-driven synthetic replenishment delivery
357,357,2026-06-27,partial,Demand-driven synthetic replenishment delivery
358,358,2026-06-27,received,Demand-driven synthetic replenishment delivery
359,359,2026-07-05,received,Demand-driven synthetic replenishment delivery
360,360,2026-07-06,received,Demand-driven synthetic replenishment delivery
361,361,2026-07-03,received,Demand-driven synthetic replenishment delivery
362,362,2026-07-04,received,Demand-driven synthetic replenishment delivery
363,363,2026-07-04,received,Demand-driven synthetic replenishment delivery
364,364,2026-07-04,received,Demand-driven synthetic replenishment delivery
365,365,2026-07-05,received,Demand-driven synthetic replenishment delivery
366,366,2026-07-06,received,Demand-driven synthetic replenishment delivery
367,367,2026-07-03,received,Demand-driven synthetic replenishment delivery
368,368,2026-07-04,received,Demand-driven synthetic replenishment delivery
369,369,2026-07-04,received,Demand-driven synthetic replenishment delivery
370,370,2026-07-11,received,Demand-driven synthetic replenishment delivery
371,371,2026-07-12,received,Demand-driven synthetic replenishment delivery
372,372,2026-07-13,received,Demand-driven synthetic replenishment delivery
373,373,2026-07-10,received,Demand-driven synthetic replenishment delivery
374,374,2026-07-11,partial,Demand-driven synthetic replenishment delivery
375,375,2026-07-11,received,Demand-driven synthetic replenishment delivery
376,376,2026-07-11,received,Demand-driven synthetic replenishment delivery
377,377,2026-07-12,received,Demand-driven synthetic replenishment delivery
378,378,2026-07-13,received,Demand-driven synthetic replenishment delivery
379,379,2026-07-10,received,Demand-driven synthetic replenishment delivery
380,380,2026-07-18,received,Demand-driven synthetic replenishment delivery
381,381,2026-07-18,received,Demand-driven synthetic replenishment delivery
382,382,2026-07-18,received,Demand-driven synthetic replenishment delivery
383,383,2026-07-19,received,Demand-driven synthetic replenishment delivery
384,384,2026-07-20,received,Demand-driven synthetic replenishment delivery
385,385,2026-07-17,received,Demand-driven synthetic replenishment delivery
386,386,2026-07-18,received,Demand-driven synthetic replenishment delivery
387,387,2026-07-18,received,Demand-driven synthetic replenishment delivery
388,388,2026-07-18,received,Demand-driven synthetic replenishment delivery
389,389,2026-07-19,received,Demand-driven synthetic replenishment delivery
390,390,2026-07-20,received,Demand-driven synthetic replenishment delivery
391,391,2026-07-17,partial,Demand-driven synthetic replenishment delivery
392,392,2026-07-25,received,Demand-driven synthetic replenishment delivery
393,393,2026-07-25,received,Demand-driven synthetic replenishment delivery
394,394,2026-07-25,received,Demand-driven synthetic replenishment delivery
395,395,2026-07-26,received,Demand-driven synthetic replenishment delivery
396,396,2026-07-27,received,Demand-driven synthetic replenishment delivery
397,397,2026-07-24,received,Demand-driven synthetic replenishment delivery
398,398,2026-07-25,received,Demand-driven synthetic replenishment delivery
399,399,2026-07-25,received,Demand-driven synthetic replenishment delivery
400,400,2026-07-25,received,Demand-driven synthetic replenishment delivery
401,401,2026-07-26,received,Demand-driven synthetic replenishment delivery
402,402,2025-11-10,received,Demand-driven synthetic replenishment delivery
403,403,2025-11-04,received,Demand-driven synthetic replenishment delivery
404,404,2025-11-06,received,Demand-driven synthetic replenishment delivery
405,405,2025-11-05,received,Demand-driven synthetic replenishment delivery
406,406,2025-11-06,received,Demand-driven synthetic replenishment delivery
407,407,2025-11-09,received,Demand-driven synthetic replenishment delivery
408,408,2025-11-09,partial,Demand-driven synthetic replenishment delivery
409,409,2025-11-07,received,Demand-driven synthetic replenishment delivery
410,410,2025-11-05,received,Demand-driven synthetic replenishment delivery
411,411,2025-11-06,received,Demand-driven synthetic replenishment delivery
412,412,2025-11-08,received,Demand-driven synthetic replenishment delivery
413,413,2025-11-09,received,Demand-driven synthetic replenishment delivery
414,414,2025-11-10,received,Demand-driven synthetic replenishment delivery
415,415,2025-11-07,received,Demand-driven synthetic replenishment delivery
416,416,2025-11-08,received,Demand-driven synthetic replenishment delivery
417,417,2025-11-08,received,Demand-driven synthetic replenishment delivery
418,418,2025-11-08,received,Demand-driven synthetic replenishment delivery
419,419,2025-11-09,received,Demand-driven synthetic replenishment delivery
420,420,2025-11-10,received,Demand-driven synthetic replenishment delivery
421,421,2025-11-07,received,Demand-driven synthetic replenishment delivery
422,422,2025-11-08,received,Demand-driven synthetic replenishment delivery
423,423,2025-11-15,received,Demand-driven synthetic replenishment delivery
424,424,2025-11-15,received,Demand-driven synthetic replenishment delivery
425,425,2025-11-16,partial,Demand-driven synthetic replenishment delivery
426,426,2025-11-17,received,Demand-driven synthetic replenishment delivery
427,427,2025-11-14,received,Demand-driven synthetic replenishment delivery
428,428,2025-11-15,received,Demand-driven synthetic replenishment delivery
429,429,2025-11-15,received,Demand-driven synthetic replenishment delivery
430,430,2025-11-15,received,Demand-driven synthetic replenishment delivery
431,431,2025-11-16,received,Demand-driven synthetic replenishment delivery
432,432,2025-11-17,received,Demand-driven synthetic replenishment delivery
433,433,2025-11-14,received,Demand-driven synthetic replenishment delivery
434,434,2025-11-22,received,Demand-driven synthetic replenishment delivery
435,435,2025-11-22,received,Demand-driven synthetic replenishment delivery
436,436,2025-11-22,received,Demand-driven synthetic replenishment delivery
437,437,2025-11-23,received,Demand-driven synthetic replenishment delivery
438,438,2025-11-24,received,Demand-driven synthetic replenishment delivery
439,439,2025-11-21,received,Demand-driven synthetic replenishment delivery
440,440,2025-11-22,received,Demand-driven synthetic replenishment delivery
441,441,2025-11-22,received,Demand-driven synthetic replenishment delivery
442,442,2025-11-22,partial,Demand-driven synthetic replenishment delivery
443,443,2025-11-23,received,Demand-driven synthetic replenishment delivery
444,444,2025-12-01,received,Demand-driven synthetic replenishment delivery
445,445,2025-11-28,received,Demand-driven synthetic replenishment delivery
446,446,2025-11-29,received,Demand-driven synthetic replenishment delivery
447,447,2025-11-29,received,Demand-driven synthetic replenishment delivery
448,448,2025-11-29,received,Demand-driven synthetic replenishment delivery
449,449,2025-11-30,received,Demand-driven synthetic replenishment delivery
450,450,2025-12-01,received,Demand-driven synthetic replenishment delivery
451,451,2025-11-28,received,Demand-driven synthetic replenishment delivery
452,452,2025-11-29,received,Demand-driven synthetic replenishment delivery
453,453,2025-11-29,received,Demand-driven synthetic replenishment delivery
454,454,2025-12-06,received,Demand-driven synthetic replenishment delivery
455,455,2025-12-07,received,Demand-driven synthetic replenishment delivery
456,456,2025-12-08,received,Demand-driven synthetic replenishment delivery
457,457,2025-12-05,received,Demand-driven synthetic replenishment delivery
458,458,2025-12-06,received,Demand-driven synthetic replenishment delivery
459,459,2025-12-06,partial,Demand-driven synthetic replenishment delivery
460,460,2025-12-06,received,Demand-driven synthetic replenishment delivery
461,461,2025-12-07,received,Demand-driven synthetic replenishment delivery
462,462,2025-12-08,received,Demand-driven synthetic replenishment delivery
463,463,2025-12-05,received,Demand-driven synthetic replenishment delivery
464,464,2025-12-06,received,Demand-driven synthetic replenishment delivery
465,465,2025-12-13,received,Demand-driven synthetic replenishment delivery
466,466,2025-12-13,received,Demand-driven synthetic replenishment delivery
467,467,2025-12-14,received,Demand-driven synthetic replenishment delivery
468,468,2025-12-15,received,Demand-driven synthetic replenishment delivery
469,469,2025-12-12,received,Demand-driven synthetic replenishment delivery
470,470,2025-12-13,received,Demand-driven synthetic replenishment delivery
471,471,2025-12-13,received,Demand-driven synthetic replenishment delivery
472,472,2025-12-13,received,Demand-driven synthetic replenishment delivery
473,473,2025-12-14,received,Demand-driven synthetic replenishment delivery
474,474,2025-12-15,received,Demand-driven synthetic replenishment delivery
475,475,2025-12-12,received,Demand-driven synthetic replenishment delivery
476,476,2025-12-20,partial,Demand-driven synthetic replenishment delivery
477,477,2025-12-20,received,Demand-driven synthetic replenishment delivery
478,478,2025-12-20,received,Demand-driven synthetic replenishment delivery
479,479,2025-12-21,received,Demand-driven synthetic replenishment delivery
480,480,2025-12-22,received,Demand-driven synthetic replenishment delivery
481,481,2025-12-19,received,Demand-driven synthetic replenishment delivery
482,482,2025-12-20,received,Demand-driven synthetic replenishment delivery
483,483,2025-12-20,received,Demand-driven synthetic replenishment delivery
484,484,2025-12-20,received,Demand-driven synthetic replenishment delivery
485,485,2025-12-21,received,Demand-driven synthetic replenishment delivery
486,486,2025-12-22,received,Demand-driven synthetic replenishment delivery
487,487,2025-12-26,received,Demand-driven synthetic replenishment delivery
488,488,2025-12-27,received,Demand-driven synthetic replenishment delivery
489,489,2025-12-27,received,Demand-driven synthetic replenishment delivery
490,490,2025-12-27,received,Demand-driven synthetic replenishment delivery
491,491,2025-12-28,received,Demand-driven synthetic replenishment delivery
492,492,2025-12-29,received,Demand-driven synthetic replenishment delivery
493,493,2025-12-26,partial,Demand-driven synthetic replenishment delivery
494,494,2025-12-27,received,Demand-driven synthetic replenishment delivery
495,495,2025-12-27,received,Demand-driven synthetic replenishment delivery
496,496,2025-12-27,received,Demand-driven synthetic replenishment delivery
497,497,2026-01-04,received,Demand-driven synthetic replenishment delivery
498,498,2026-01-05,received,Demand-driven synthetic replenishment delivery
499,499,2026-01-02,received,Demand-driven synthetic replenishment delivery
500,500,2026-01-03,received,Demand-driven synthetic replenishment delivery
501,501,2026-01-03,received,Demand-driven synthetic replenishment delivery
502,502,2026-01-03,received,Demand-driven synthetic replenishment delivery
503,503,2026-01-04,received,Demand-driven synthetic replenishment delivery
504,504,2026-01-05,received,Demand-driven synthetic replenishment delivery
505,505,2026-01-02,received,Demand-driven synthetic replenishment delivery
506,506,2026-01-03,received,Demand-driven synthetic replenishment delivery
507,507,2026-01-10,received,Demand-driven synthetic replenishment delivery
508,508,2026-01-10,received,Demand-driven synthetic replenishment delivery
509,509,2026-01-11,received,Demand-driven synthetic replenishment delivery
510,510,2026-01-12,partial,Demand-driven synthetic replenishment delivery
511,511,2026-01-09,received,Demand-driven synthetic replenishment delivery
512,512,2026-01-10,received,Demand-driven synthetic replenishment delivery
513,513,2026-01-10,received,Demand-driven synthetic replenishment delivery
514,514,2026-01-10,received,Demand-driven synthetic replenishment delivery
515,515,2026-01-11,received,Demand-driven synthetic replenishment delivery
516,516,2026-01-12,received,Demand-driven synthetic replenishment delivery
517,517,2026-01-16,received,Demand-driven synthetic replenishment delivery
518,518,2026-01-17,received,Demand-driven synthetic replenishment delivery
519,519,2026-01-17,received,Demand-driven synthetic replenishment delivery
520,520,2026-01-17,received,Demand-driven synthetic replenishment delivery
521,521,2026-01-18,received,Demand-driven synthetic replenishment delivery
522,522,2026-01-19,received,Demand-driven synthetic replenishment delivery
523,523,2026-01-16,received,Demand-driven synthetic replenishment delivery
524,524,2026-01-17,received,Demand-driven synthetic replenishment delivery
525,525,2026-01-17,received,Demand-driven synthetic replenishment delivery
526,526,2026-01-17,received,Demand-driven synthetic replenishment delivery
527,527,2026-01-18,partial,Demand-driven synthetic replenishment delivery
528,528,2026-01-26,received,Demand-driven synthetic replenishment delivery
529,529,2026-01-23,received,Demand-driven synthetic replenishment delivery
530,530,2026-01-24,received,Demand-driven synthetic replenishment delivery
531,531,2026-01-24,received,Demand-driven synthetic replenishment delivery
532,532,2026-01-24,received,Demand-driven synthetic replenishment delivery
533,533,2026-01-25,received,Demand-driven synthetic replenishment delivery
534,534,2026-01-26,received,Demand-driven synthetic replenishment delivery
535,535,2026-01-23,received,Demand-driven synthetic replenishment delivery
536,536,2026-01-24,received,Demand-driven synthetic replenishment delivery
537,537,2026-01-24,received,Demand-driven synthetic replenishment delivery
538,538,2026-01-31,received,Demand-driven synthetic replenishment delivery
539,539,2026-02-01,received,Demand-driven synthetic replenishment delivery
540,540,2026-02-02,received,Demand-driven synthetic replenishment delivery
541,541,2026-01-30,received,Demand-driven synthetic replenishment delivery
542,542,2026-01-31,received,Demand-driven synthetic replenishment delivery
543,543,2026-01-31,received,Demand-driven synthetic replenishment delivery
544,544,2026-01-31,partial,Demand-driven synthetic replenishment delivery
545,545,2026-02-01,received,Demand-driven synthetic replenishment delivery
546,546,2026-02-02,received,Demand-driven synthetic replenishment delivery
547,547,2026-01-30,received,Demand-driven synthetic replenishment delivery
548,548,2026-02-07,received,Demand-driven synthetic replenishment delivery
549,549,2026-02-07,received,Demand-driven synthetic replenishment delivery
550,550,2026-02-07,received,Demand-driven synthetic replenishment delivery
551,551,2026-02-08,received,Demand-driven synthetic replenishment delivery
552,552,2026-02-09,received,Demand-driven synthetic replenishment delivery
553,553,2026-02-06,received,Demand-driven synthetic replenishment delivery
554,554,2026-02-07,received,Demand-driven synthetic replenishment delivery
555,555,2026-02-07,received,Demand-driven synthetic replenishment delivery
556,556,2026-02-07,received,Demand-driven synthetic replenishment delivery
557,557,2026-02-08,received,Demand-driven synthetic replenishment delivery
558,558,2026-02-16,received,Demand-driven synthetic replenishment delivery
559,559,2026-02-13,received,Demand-driven synthetic replenishment delivery
560,560,2026-02-14,received,Demand-driven synthetic replenishment delivery
561,561,2026-02-14,partial,Demand-driven synthetic replenishment delivery
562,562,2026-02-14,received,Demand-driven synthetic replenishment delivery
563,563,2026-02-15,received,Demand-driven synthetic replenishment delivery
564,564,2026-02-16,received,Demand-driven synthetic replenishment delivery
565,565,2026-02-13,received,Demand-driven synthetic replenishment delivery
566,566,2026-02-14,received,Demand-driven synthetic replenishment delivery
567,567,2026-02-14,received,Demand-driven synthetic replenishment delivery
568,568,2026-02-21,received,Demand-driven synthetic replenishment delivery
569,569,2026-02-22,received,Demand-driven synthetic replenishment delivery
570,570,2026-02-23,received,Demand-driven synthetic replenishment delivery
571,571,2026-02-20,received,Demand-driven synthetic replenishment delivery
572,572,2026-02-21,received,Demand-driven synthetic replenishment delivery
573,573,2026-02-21,received,Demand-driven synthetic replenishment delivery
574,574,2026-02-21,received,Demand-driven synthetic replenishment delivery
575,575,2026-02-22,received,Demand-driven synthetic replenishment delivery
576,576,2026-02-23,received,Demand-driven synthetic replenishment delivery
577,577,2026-02-20,received,Demand-driven synthetic replenishment delivery
578,578,2026-02-28,partial,Demand-driven synthetic replenishment delivery
579,579,2026-02-28,received,Demand-driven synthetic replenishment delivery
580,580,2026-02-28,received,Demand-driven synthetic replenishment delivery
581,581,2026-03-01,received,Demand-driven synthetic replenishment delivery
582,582,2026-03-02,received,Demand-driven synthetic replenishment delivery
583,583,2026-02-27,received,Demand-driven synthetic replenishment delivery
584,584,2026-02-28,received,Demand-driven synthetic replenishment delivery
585,585,2026-02-28,received,Demand-driven synthetic replenishment delivery
586,586,2026-02-28,received,Demand-driven synthetic replenishment delivery
587,587,2026-03-08,received,Demand-driven synthetic replenishment delivery
588,588,2026-03-09,received,Demand-driven synthetic replenishment delivery
589,589,2026-03-06,received,Demand-driven synthetic replenishment delivery
590,590,2026-03-07,received,Demand-driven synthetic replenishment delivery
591,591,2026-03-07,received,Demand-driven synthetic replenishment delivery
592,592,2026-03-07,received,Demand-driven synthetic replenishment delivery
593,593,2026-03-08,received,Demand-driven synthetic replenishment delivery
594,594,2026-03-09,received,Demand-driven synthetic replenishment delivery
595,595,2026-03-06,partial,Demand-driven synthetic replenishment delivery
596,596,2026-03-07,received,Demand-driven synthetic replenishment delivery
597,597,2026-03-07,received,Demand-driven synthetic replenishment delivery
598,598,2026-03-14,received,Demand-driven synthetic replenishment delivery
599,599,2026-03-15,received,Demand-driven synthetic replenishment delivery
600,600,2026-03-16,received,Demand-driven synthetic replenishment delivery
601,601,2026-03-13,received,Demand-driven synthetic replenishment delivery
602,602,2026-03-14,received,Demand-driven synthetic replenishment delivery
603,603,2026-03-14,received,Demand-driven synthetic replenishment delivery
604,604,2026-03-14,received,Demand-driven synthetic replenishment delivery
605,605,2026-03-15,received,Demand-driven synthetic replenishment delivery
606,606,2026-03-16,received,Demand-driven synthetic replenishment delivery
607,607,2026-03-13,received,Demand-driven synthetic replenishment delivery
608,608,2026-03-21,received,Demand-driven synthetic replenishment delivery
609,609,2026-03-21,received,Demand-driven synthetic replenishment delivery
610,610,2026-03-21,received,Demand-driven synthetic replenishment delivery
611,611,2026-03-22,received,Demand-driven synthetic replenishment delivery
612,612,2026-03-23,partial,Demand-driven synthetic replenishment delivery
613,613,2026-03-20,received,Demand-driven synthetic replenishment delivery
614,614,2026-03-21,received,Demand-driven synthetic replenishment delivery
615,615,2026-03-21,received,Demand-driven synthetic replenishment delivery
616,616,2026-03-21,received,Demand-driven synthetic replenishment delivery
617,617,2026-03-22,received,Demand-driven synthetic replenishment delivery
618,618,2026-03-23,received,Demand-driven synthetic replenishment delivery
619,619,2026-03-27,received,Demand-driven synthetic replenishment delivery
620,620,2026-03-28,received,Demand-driven synthetic replenishment delivery
621,621,2026-03-28,received,Demand-driven synthetic replenishment delivery
622,622,2026-03-28,received,Demand-driven synthetic replenishment delivery
623,623,2026-03-29,received,Demand-driven synthetic replenishment delivery
624,624,2026-03-30,received,Demand-driven synthetic replenishment delivery
625,625,2026-03-27,received,Demand-driven synthetic replenishment delivery
626,626,2026-03-28,received,Demand-driven synthetic replenishment delivery
627,627,2026-03-28,received,Demand-driven synthetic replenishment delivery
628,628,2026-03-28,received,Demand-driven synthetic replenishment delivery
629,629,2026-03-29,partial,Demand-driven synthetic replenishment delivery
630,630,2026-04-06,received,Demand-driven synthetic replenishment delivery
631,631,2026-04-03,received,Demand-driven synthetic replenishment delivery
632,632,2026-04-04,received,Demand-driven synthetic replenishment delivery
633,633,2026-04-04,received,Demand-driven synthetic replenishment delivery
634,634,2026-04-04,received,Demand-driven synthetic replenishment delivery
635,635,2026-04-05,received,Demand-driven synthetic replenishment delivery
636,636,2026-04-06,received,Demand-driven synthetic replenishment delivery
637,637,2026-04-03,received,Demand-driven synthetic replenishment delivery
638,638,2026-04-04,received,Demand-driven synthetic replenishment delivery
639,639,2026-04-04,received,Demand-driven synthetic replenishment delivery
640,640,2026-04-04,received,Demand-driven synthetic replenishment delivery
641,641,2026-04-05,received,Demand-driven synthetic replenishment delivery
642,642,2026-04-13,received,Demand-driven synthetic replenishment delivery
643,643,2026-04-10,received,Demand-driven synthetic replenishment delivery
644,644,2026-04-11,received,Demand-driven synthetic replenishment delivery
645,645,2026-04-11,received,Demand-driven synthetic replenishment delivery
646,646,2026-04-11,partial,Demand-driven synthetic replenishment delivery
647,647,2026-04-12,received,Demand-driven synthetic replenishment delivery
648,648,2026-04-13,received,Demand-driven synthetic replenishment delivery
649,649,2026-04-10,received,Demand-driven synthetic replenishment delivery
650,650,2026-04-11,received,Demand-driven synthetic replenishment delivery
651,651,2026-04-11,received,Demand-driven synthetic replenishment delivery
652,652,2026-04-18,received,Demand-driven synthetic replenishment delivery
653,653,2026-04-19,received,Demand-driven synthetic replenishment delivery
654,654,2026-04-20,received,Demand-driven synthetic replenishment delivery
655,655,2026-04-17,received,Demand-driven synthetic replenishment delivery
656,656,2026-04-18,received,Demand-driven synthetic replenishment delivery
657,657,2026-04-18,received,Demand-driven synthetic replenishment delivery
658,658,2026-04-18,received,Demand-driven synthetic replenishment delivery
659,659,2026-04-19,received,Demand-driven synthetic replenishment delivery
660,660,2026-04-20,received,Demand-driven synthetic replenishment delivery
661,661,2026-04-17,received,Demand-driven synthetic replenishment delivery
662,662,2026-04-25,received,Demand-driven synthetic replenishment delivery
663,663,2026-04-25,partial,Demand-driven synthetic replenishment delivery
664,664,2026-04-25,received,Demand-driven synthetic replenishment delivery
665,665,2026-04-26,received,Demand-driven synthetic replenishment delivery
666,666,2026-04-27,received,Demand-driven synthetic replenishment delivery
667,667,2026-04-24,received,Demand-driven synthetic replenishment delivery
668,668,2026-04-25,received,Demand-driven synthetic replenishment delivery
669,669,2026-04-25,received,Demand-driven synthetic replenishment delivery
670,670,2026-04-25,received,Demand-driven synthetic replenishment delivery
671,671,2026-04-26,received,Demand-driven synthetic replenishment delivery
672,672,2026-04-27,received,Demand-driven synthetic replenishment delivery
673,673,2026-05-01,received,Demand-driven synthetic replenishment delivery
674,674,2026-05-02,received,Demand-driven synthetic replenishment delivery
675,675,2026-05-02,received,Demand-driven synthetic replenishment delivery
676,676,2026-05-02,received,Demand-driven synthetic replenishment delivery
677,677,2026-05-03,received,Demand-driven synthetic replenishment delivery
678,678,2026-05-04,received,Demand-driven synthetic replenishment delivery
679,679,2026-05-01,received,Demand-driven synthetic replenishment delivery
680,680,2026-05-02,partial,Demand-driven synthetic replenishment delivery
681,681,2026-05-02,received,Demand-driven synthetic replenishment delivery
682,682,2026-05-02,received,Demand-driven synthetic replenishment delivery
683,683,2026-05-10,received,Demand-driven synthetic replenishment delivery
684,684,2026-05-11,received,Demand-driven synthetic replenishment delivery
685,685,2026-05-08,received,Demand-driven synthetic replenishment delivery
686,686,2026-05-09,received,Demand-driven synthetic replenishment delivery
687,687,2026-05-09,received,Demand-driven synthetic replenishment delivery
688,688,2026-05-09,received,Demand-driven synthetic replenishment delivery
689,689,2026-05-10,received,Demand-driven synthetic replenishment delivery
690,690,2026-05-11,received,Demand-driven synthetic replenishment delivery
691,691,2026-05-08,received,Demand-driven synthetic replenishment delivery
692,692,2026-05-09,received,Demand-driven synthetic replenishment delivery
693,693,2026-05-16,received,Demand-driven synthetic replenishment delivery
694,694,2026-05-16,received,Demand-driven synthetic replenishment delivery
695,695,2026-05-17,received,Demand-driven synthetic replenishment delivery
696,696,2026-05-18,received,Demand-driven synthetic replenishment delivery
697,697,2026-05-15,partial,Demand-driven synthetic replenishment delivery
698,698,2026-05-16,received,Demand-driven synthetic replenishment delivery
699,699,2026-05-16,received,Demand-driven synthetic replenishment delivery
700,700,2026-05-16,received,Demand-driven synthetic replenishment delivery
701,701,2026-05-17,received,Demand-driven synthetic replenishment delivery
702,702,2026-05-18,received,Demand-driven synthetic replenishment delivery
703,703,2026-05-22,received,Demand-driven synthetic replenishment delivery
704,704,2026-05-23,received,Demand-driven synthetic replenishment delivery
705,705,2026-05-23,received,Demand-driven synthetic replenishment delivery
706,706,2026-05-23,received,Demand-driven synthetic replenishment delivery
707,707,2026-05-24,received,Demand-driven synthetic replenishment delivery
708,708,2026-05-25,received,Demand-driven synthetic replenishment delivery
709,709,2026-05-22,received,Demand-driven synthetic replenishment delivery
710,710,2026-05-23,received,Demand-driven synthetic replenishment delivery
711,711,2026-05-23,received,Demand-driven synthetic replenishment delivery
712,712,2026-05-23,received,Demand-driven synthetic replenishment delivery
713,713,2026-05-24,received,Demand-driven synthetic replenishment delivery
714,714,2026-06-01,partial,Demand-driven synthetic replenishment delivery
715,715,2026-05-29,received,Demand-driven synthetic replenishment delivery
716,716,2026-05-30,received,Demand-driven synthetic replenishment delivery
717,717,2026-05-30,received,Demand-driven synthetic replenishment delivery
718,718,2026-05-30,received,Demand-driven synthetic replenishment delivery
719,719,2026-05-31,received,Demand-driven synthetic replenishment delivery
720,720,2026-06-01,received,Demand-driven synthetic replenishment delivery
721,721,2026-05-29,received,Demand-driven synthetic replenishment delivery
722,722,2026-05-30,received,Demand-driven synthetic replenishment delivery
723,723,2026-05-30,received,Demand-driven synthetic replenishment delivery
724,724,2026-05-30,received,Demand-driven synthetic replenishment delivery
725,725,2026-06-07,received,Demand-driven synthetic replenishment delivery
726,726,2026-06-08,received,Demand-driven synthetic replenishment delivery
727,727,2026-06-05,received,Demand-driven synthetic replenishment delivery
728,728,2026-06-06,received,Demand-driven synthetic replenishment delivery
729,729,2026-06-06,received,Demand-driven synthetic replenishment delivery
730,730,2026-06-06,received,Demand-driven synthetic replenishment delivery
731,731,2026-06-07,partial,Demand-driven synthetic replenishment delivery
732,732,2026-06-08,received,Demand-driven synthetic replenishment delivery
733,733,2026-06-05,received,Demand-driven synthetic replenishment delivery
734,734,2026-06-06,received,Demand-driven synthetic replenishment delivery
735,735,2026-06-13,received,Demand-driven synthetic replenishment delivery
736,736,2026-06-13,received,Demand-driven synthetic replenishment delivery
737,737,2026-06-14,received,Demand-driven synthetic replenishment delivery
738,738,2026-06-15,received,Demand-driven synthetic replenishment delivery
739,739,2026-06-12,received,Demand-driven synthetic replenishment delivery
740,740,2026-06-13,received,Demand-driven synthetic replenishment delivery
741,741,2026-06-13,received,Demand-driven synthetic replenishment delivery
742,742,2026-06-13,received,Demand-driven synthetic replenishment delivery
743,743,2026-06-14,received,Demand-driven synthetic replenishment delivery
744,744,2026-06-15,received,Demand-driven synthetic replenishment delivery
745,745,2026-06-19,received,Demand-driven synthetic replenishment delivery
746,746,2026-06-20,received,Demand-driven synthetic replenishment delivery
747,747,2026-06-20,received,Demand-driven synthetic replenishment delivery
748,748,2026-06-20,partial,Demand-driven synthetic replenishment delivery
749,749,2026-06-21,received,Demand-driven synthetic replenishment delivery
750,750,2026-06-22,received,Demand-driven synthetic replenishment delivery
751,751,2026-06-19,received,Demand-driven synthetic replenishment delivery
752,752,2026-06-20,received,Demand-driven synthetic replenishment delivery
753,753,2026-06-20,received,Demand-driven synthetic replenishment delivery
754,754,2026-06-20,received,Demand-driven synthetic replenishment delivery
755,755,2026-06-21,received,Demand-driven synthetic replenishment delivery
756,756,2026-06-29,received,Demand-driven synthetic replenishment delivery
757,757,2026-06-26,received,Demand-driven synthetic replenishment delivery
758,758,2026-06-27,received,Demand-driven synthetic replenishment delivery
759,759,2026-06-27,received,Demand-driven synthetic replenishment delivery
760,760,2026-06-27,received,Demand-driven synthetic replenishment delivery
761,761,2026-06-28,received,Demand-driven synthetic replenishment delivery
762,762,2026-06-29,received,Demand-driven synthetic replenishment delivery
763,763,2026-06-26,received,Demand-driven synthetic replenishment delivery
764,764,2026-06-27,received,Demand-driven synthetic replenishment delivery
765,765,2026-06-27,partial,Demand-driven synthetic replenishment delivery
766,766,2026-07-04,received,Demand-driven synthetic replenishment delivery
767,767,2026-07-05,received,Demand-driven synthetic replenishment delivery
768,768,2026-07-06,received,Demand-driven synthetic replenishment delivery
769,769,2026-07-03,received,Demand-driven synthetic replenishment delivery
770,770,2026-07-04,received,Demand-driven synthetic replenishment delivery
771,771,2026-07-04,received,Demand-driven synthetic replenishment delivery
772,772,2026-07-04,received,Demand-driven synthetic replenishment delivery
773,773,2026-07-05,received,Demand-driven synthetic replenishment delivery
774,774,2026-07-06,received,Demand-driven synthetic replenishment delivery
775,775,2026-07-03,received,Demand-driven synthetic replenishment delivery
776,776,2026-07-11,received,Demand-driven synthetic replenishment delivery
777,777,2026-07-11,received,Demand-driven synthetic replenishment delivery
778,778,2026-07-11,received,Demand-driven synthetic replenishment delivery
779,779,2026-07-12,received,Demand-driven synthetic replenishment delivery
780,780,2026-07-13,received,Demand-driven synthetic replenishment delivery
781,781,2026-07-10,received,Demand-driven synthetic replenishment delivery
782,782,2026-07-11,partial,Demand-driven synthetic replenishment delivery
783,783,2026-07-11,received,Demand-driven synthetic replenishment delivery
784,784,2026-07-11,received,Demand-driven synthetic replenishment delivery
785,785,2026-07-12,received,Demand-driven synthetic replenishment delivery
786,786,2026-07-13,received,Demand-driven synthetic replenishment delivery
787,787,2026-07-17,received,Demand-driven synthetic replenishment delivery
788,788,2026-07-18,received,Demand-driven synthetic replenishment delivery
789,789,2026-07-18,received,Demand-driven synthetic replenishment delivery
790,790,2026-07-18,received,Demand-driven synthetic replenishment delivery
791,791,2026-07-19,received,Demand-driven synthetic replenishment delivery
792,792,2026-07-20,received,Demand-driven synthetic replenishment delivery
793,793,2026-07-17,received,Demand-driven synthetic replenishment delivery
794,794,2026-07-18,received,Demand-driven synthetic replenishment delivery
795,795,2026-07-18,received,Demand-driven synthetic replenishment delivery
796,796,2026-07-18,received,Demand-driven synthetic replenishment delivery
797,797,2026-07-26,received,Demand-driven synthetic replenishment delivery
798,798,2026-07-27,received,Demand-driven synthetic replenishment delivery
799,799,2026-07-24,partial,Demand-driven synthetic replenishment delivery
800,800,2026-07-25,received,Demand-driven synthetic replenishment delivery
801,801,2026-07-25,received,Demand-driven synthetic replenishment delivery
802,802,2026-07-25,received,Demand-driven synthetic replenishment delivery
803,803,2026-07-26,received,Demand-driven synthetic replenishment delivery
804,804,2026-07-27,received,Demand-driven synthetic replenishment delivery
805,805,2026-07-24,received,Demand-driven synthetic replenishment delivery
806,806,2026-07-25,received,Demand-driven synthetic replenishment delivery
807,807,2025-11-08,received,Demand-driven synthetic replenishment delivery
808,808,2025-11-07,received,Demand-driven synthetic replenishment delivery
809,809,2025-11-08,received,Demand-driven synthetic replenishment delivery
810,810,2025-11-09,received,Demand-driven synthetic replenishment delivery
811,811,2025-11-05,received,Demand-driven synthetic replenishment delivery
812,812,2025-11-08,received,Demand-driven synthetic replenishment delivery
813,813,2025-11-07,received,Demand-driven synthetic replenishment delivery
814,814,2025-11-07,received,Demand-driven synthetic replenishment delivery
815,815,2025-11-09,received,Demand-driven synthetic replenishment delivery
816,816,2025-11-04,partial,Demand-driven synthetic replenishment delivery
817,817,2025-11-07,received,Demand-driven synthetic replenishment delivery
818,818,2025-11-08,received,Demand-driven synthetic replenishment delivery
819,819,2025-11-08,received,Demand-driven synthetic replenishment delivery
820,820,2025-11-08,received,Demand-driven synthetic replenishment delivery
821,821,2025-11-09,received,Demand-driven synthetic replenishment delivery
822,822,2025-11-10,received,Demand-driven synthetic replenishment delivery
823,823,2025-11-07,received,Demand-driven synthetic replenishment delivery
824,824,2025-11-08,received,Demand-driven synthetic replenishment delivery
825,825,2025-11-08,received,Demand-driven synthetic replenishment delivery
826,826,2025-11-08,received,Demand-driven synthetic replenishment delivery
827,827,2025-11-09,received,Demand-driven synthetic replenishment delivery
828,828,2025-11-17,received,Demand-driven synthetic replenishment delivery
829,829,2025-11-14,received,Demand-driven synthetic replenishment delivery
830,830,2025-11-15,received,Demand-driven synthetic replenishment delivery
831,831,2025-11-15,received,Demand-driven synthetic replenishment delivery
832,832,2025-11-15,received,Demand-driven synthetic replenishment delivery
833,833,2025-11-16,partial,Demand-driven synthetic replenishment delivery
834,834,2025-11-17,received,Demand-driven synthetic replenishment delivery
835,835,2025-11-14,received,Demand-driven synthetic replenishment delivery
836,836,2025-11-15,received,Demand-driven synthetic replenishment delivery
837,837,2025-11-22,received,Demand-driven synthetic replenishment delivery
838,838,2025-11-22,received,Demand-driven synthetic replenishment delivery
839,839,2025-11-23,received,Demand-driven synthetic replenishment delivery
840,840,2025-11-24,received,Demand-driven synthetic replenishment delivery
841,841,2025-11-21,received,Demand-driven synthetic replenishment delivery
842,842,2025-11-22,received,Demand-driven synthetic replenishment delivery
843,843,2025-11-22,received,Demand-driven synthetic replenishment delivery
844,844,2025-11-22,received,Demand-driven synthetic replenishment delivery
845,845,2025-11-23,received,Demand-driven synthetic replenishment delivery
846,846,2025-11-24,received,Demand-driven synthetic replenishment delivery
847,847,2025-11-28,received,Demand-driven synthetic replenishment delivery
848,848,2025-11-29,received,Demand-driven synthetic replenishment delivery
849,849,2025-11-29,received,Demand-driven synthetic replenishment delivery
850,850,2025-11-29,partial,Demand-driven synthetic replenishment delivery
851,851,2025-11-30,received,Demand-driven synthetic replenishment delivery
852,852,2025-12-01,received,Demand-driven synthetic replenishment delivery
853,853,2025-11-28,received,Demand-driven synthetic replenishment delivery
854,854,2025-11-29,received,Demand-driven synthetic replenishment delivery
855,855,2025-11-29,received,Demand-driven synthetic replenishment delivery
856,856,2025-11-29,received,Demand-driven synthetic replenishment delivery
857,857,2025-12-07,received,Demand-driven synthetic replenishment delivery
858,858,2025-12-08,received,Demand-driven synthetic replenishment delivery
859,859,2025-12-05,received,Demand-driven synthetic replenishment delivery
860,860,2025-12-06,received,Demand-driven synthetic replenishment delivery
861,861,2025-12-06,received,Demand-driven synthetic replenishment delivery
862,862,2025-12-06,received,Demand-driven synthetic replenishment delivery
863,863,2025-12-07,received,Demand-driven synthetic replenishment delivery
864,864,2025-12-08,received,Demand-driven synthetic replenishment delivery
865,865,2025-12-05,received,Demand-driven synthetic replenishment delivery
866,866,2025-12-06,received,Demand-driven synthetic replenishment delivery
867,867,2025-12-06,partial,Demand-driven synthetic replenishment delivery
868,868,2025-12-13,received,Demand-driven synthetic replenishment delivery
869,869,2025-12-14,received,Demand-driven synthetic replenishment delivery
870,870,2025-12-15,received,Demand-driven synthetic replenishment delivery
871,871,2025-12-12,received,Demand-driven synthetic replenishment delivery
872,872,2025-12-13,received,Demand-driven synthetic replenishment delivery
873,873,2025-12-13,received,Demand-driven synthetic replenishment delivery
874,874,2025-12-13,received,Demand-driven synthetic replenishment delivery
875,875,2025-12-14,received,Demand-driven synthetic replenishment delivery
876,876,2025-12-15,received,Demand-driven synthetic replenishment delivery
877,877,2025-12-12,received,Demand-driven synthetic replenishment delivery
878,878,2025-12-13,received,Demand-driven synthetic replenishment delivery
879,879,2025-12-20,received,Demand-driven synthetic replenishment delivery
880,880,2025-12-20,received,Demand-driven synthetic replenishment delivery
881,881,2025-12-21,received,Demand-driven synthetic replenishment delivery
882,882,2025-12-22,received,Demand-driven synthetic replenishment delivery
883,883,2025-12-19,received,Demand-driven synthetic replenishment delivery
884,884,2025-12-20,partial,Demand-driven synthetic replenishment delivery
885,885,2025-12-20,received,Demand-driven synthetic replenishment delivery
886,886,2025-12-20,received,Demand-driven synthetic replenishment delivery
887,887,2025-12-21,received,Demand-driven synthetic replenishment delivery
888,888,2025-12-22,received,Demand-driven synthetic replenishment delivery
889,889,2025-12-26,received,Demand-driven synthetic replenishment delivery
890,890,2025-12-27,received,Demand-driven synthetic replenishment delivery
891,891,2025-12-27,received,Demand-driven synthetic replenishment delivery
892,892,2025-12-27,received,Demand-driven synthetic replenishment delivery
893,893,2025-12-28,received,Demand-driven synthetic replenishment delivery
894,894,2025-12-29,received,Demand-driven synthetic replenishment delivery
895,895,2025-12-26,received,Demand-driven synthetic replenishment delivery
896,896,2025-12-27,received,Demand-driven synthetic replenishment delivery
897,897,2025-12-27,received,Demand-driven synthetic replenishment delivery
898,898,2025-12-27,received,Demand-driven synthetic replenishment delivery
899,899,2025-12-28,received,Demand-driven synthetic replenishment delivery
900,900,2026-01-05,received,Demand-driven synthetic replenishment delivery
901,901,2026-01-02,partial,Demand-driven synthetic replenishment delivery
902,902,2026-01-03,received,Demand-driven synthetic replenishment delivery
903,903,2026-01-03,received,Demand-driven synthetic replenishment delivery
904,904,2026-01-03,received,Demand-driven synthetic replenishment delivery
905,905,2026-01-04,received,Demand-driven synthetic replenishment delivery
906,906,2026-01-05,received,Demand-driven synthetic replenishment delivery
907,907,2026-01-02,received,Demand-driven synthetic replenishment delivery
908,908,2026-01-03,received,Demand-driven synthetic replenishment delivery
909,909,2026-01-03,received,Demand-driven synthetic replenishment delivery
910,910,2026-01-10,received,Demand-driven synthetic replenishment delivery
911,911,2026-01-11,received,Demand-driven synthetic replenishment delivery
912,912,2026-01-12,received,Demand-driven synthetic replenishment delivery
913,913,2026-01-09,received,Demand-driven synthetic replenishment delivery
914,914,2026-01-10,received,Demand-driven synthetic replenishment delivery
915,915,2026-01-10,received,Demand-driven synthetic replenishment delivery
916,916,2026-01-10,received,Demand-driven synthetic replenishment delivery
917,917,2026-01-11,received,Demand-driven synthetic replenishment delivery
918,918,2026-01-12,partial,Demand-driven synthetic replenishment delivery
919,919,2026-01-09,received,Demand-driven synthetic replenishment delivery
920,920,2026-01-17,received,Demand-driven synthetic replenishment delivery
921,921,2026-01-17,received,Demand-driven synthetic replenishment delivery
922,922,2026-01-17,received,Demand-driven synthetic replenishment delivery
923,923,2026-01-18,received,Demand-driven synthetic replenishment delivery
924,924,2026-01-19,received,Demand-driven synthetic replenishment delivery
925,925,2026-01-16,received,Demand-driven synthetic replenishment delivery
926,926,2026-01-17,received,Demand-driven synthetic replenishment delivery
927,927,2026-01-17,received,Demand-driven synthetic replenishment delivery
928,928,2026-01-17,received,Demand-driven synthetic replenishment delivery
929,929,2026-01-18,received,Demand-driven synthetic replenishment delivery
930,930,2026-01-19,received,Demand-driven synthetic replenishment delivery
931,931,2026-01-23,received,Demand-driven synthetic replenishment delivery
932,932,2026-01-24,received,Demand-driven synthetic replenishment delivery
933,933,2026-01-24,received,Demand-driven synthetic replenishment delivery
934,934,2026-01-24,received,Demand-driven synthetic replenishment delivery
935,935,2026-01-25,partial,Demand-driven synthetic replenishment delivery
936,936,2026-01-26,received,Demand-driven synthetic replenishment delivery
937,937,2026-01-23,received,Demand-driven synthetic replenishment delivery
938,938,2026-01-24,received,Demand-driven synthetic replenishment delivery
939,939,2026-01-24,received,Demand-driven synthetic replenishment delivery
940,940,2026-01-24,received,Demand-driven synthetic replenishment delivery
941,941,2026-02-01,received,Demand-driven synthetic replenishment delivery
942,942,2026-02-02,received,Demand-driven synthetic replenishment delivery
943,943,2026-01-30,received,Demand-driven synthetic replenishment delivery
944,944,2026-01-31,received,Demand-driven synthetic replenishment delivery
945,945,2026-01-31,received,Demand-driven synthetic replenishment delivery
946,946,2026-01-31,received,Demand-driven synthetic replenishment delivery
947,947,2026-02-01,received,Demand-driven synthetic replenishment delivery
948,948,2026-02-02,received,Demand-driven synthetic replenishment delivery
949,949,2026-01-30,received,Demand-driven synthetic replenishment delivery
950,950,2026-01-31,received,Demand-driven synthetic replenishment delivery
951,951,2026-01-31,received,Demand-driven synthetic replenishment delivery
952,952,2026-02-07,partial,Demand-driven synthetic replenishment delivery
953,953,2026-02-08,received,Demand-driven synthetic replenishment delivery
954,954,2026-02-09,received,Demand-driven synthetic replenishment delivery
955,955,2026-02-06,received,Demand-driven synthetic replenishment delivery
956,956,2026-02-07,received,Demand-driven synthetic replenishment delivery
957,957,2026-02-07,received,Demand-driven synthetic replenishment delivery
958,958,2026-02-07,received,Demand-driven synthetic replenishment delivery
959,959,2026-02-08,received,Demand-driven synthetic replenishment delivery
960,960,2026-02-09,received,Demand-driven synthetic replenishment delivery
961,961,2026-02-06,received,Demand-driven synthetic replenishment delivery
962,962,2026-02-07,received,Demand-driven synthetic replenishment delivery
963,963,2026-02-14,received,Demand-driven synthetic replenishment delivery
964,964,2026-02-14,received,Demand-driven synthetic replenishment delivery
965,965,2026-02-15,received,Demand-driven synthetic replenishment delivery
966,966,2026-02-16,received,Demand-driven synthetic replenishment delivery
967,967,2026-02-13,received,Demand-driven synthetic replenishment delivery
968,968,2026-02-14,received,Demand-driven synthetic replenishment delivery
969,969,2026-02-14,partial,Demand-driven synthetic replenishment delivery
970,970,2026-02-14,received,Demand-driven synthetic replenishment delivery
971,971,2026-02-15,received,Demand-driven synthetic replenishment delivery
972,972,2026-02-16,received,Demand-driven synthetic replenishment delivery
973,973,2026-02-20,received,Demand-driven synthetic replenishment delivery
974,974,2026-02-21,received,Demand-driven synthetic replenishment delivery
975,975,2026-02-21,received,Demand-driven synthetic replenishment delivery
976,976,2026-02-21,received,Demand-driven synthetic replenishment delivery
977,977,2026-02-22,received,Demand-driven synthetic replenishment delivery
978,978,2026-02-23,received,Demand-driven synthetic replenishment delivery
979,979,2026-02-20,received,Demand-driven synthetic replenishment delivery
980,980,2026-02-21,received,Demand-driven synthetic replenishment delivery
981,981,2026-02-21,received,Demand-driven synthetic replenishment delivery
982,982,2026-02-21,received,Demand-driven synthetic replenishment delivery
983,983,2026-03-01,received,Demand-driven synthetic replenishment delivery
984,984,2026-03-02,received,Demand-driven synthetic replenishment delivery
985,985,2026-02-27,received,Demand-driven synthetic replenishment delivery
986,986,2026-02-28,partial,Demand-driven synthetic replenishment delivery
987,987,2026-02-28,received,Demand-driven synthetic replenishment delivery
988,988,2026-02-28,received,Demand-driven synthetic replenishment delivery
989,989,2026-03-01,received,Demand-driven synthetic replenishment delivery
990,990,2026-03-02,received,Demand-driven synthetic replenishment delivery
991,991,2026-02-27,received,Demand-driven synthetic replenishment delivery
992,992,2026-02-28,received,Demand-driven synthetic replenishment delivery
993,993,2026-03-07,received,Demand-driven synthetic replenishment delivery
994,994,2026-03-07,received,Demand-driven synthetic replenishment delivery
995,995,2026-03-08,received,Demand-driven synthetic replenishment delivery
996,996,2026-03-09,received,Demand-driven synthetic replenishment delivery
997,997,2026-03-06,received,Demand-driven synthetic replenishment delivery
998,998,2026-03-07,received,Demand-driven synthetic replenishment delivery
999,999,2026-03-07,received,Demand-driven synthetic replenishment delivery
1000,1000,2026-03-07,received,Demand-driven synthetic replenishment delivery
1001,1001,2026-03-08,received,Demand-driven synthetic replenishment delivery
1002,1002,2026-03-09,received,Demand-driven synthetic replenishment delivery
1003,1003,2026-03-06,partial,Demand-driven synthetic replenishment delivery
1004,1004,2026-03-14,received,Demand-driven synthetic replenishment delivery
1005,1005,2026-03-14,received,Demand-driven synthetic replenishment delivery
1006,1006,2026-03-14,received,Demand-driven synthetic replenishment delivery
1007,1007,2026-03-15,received,Demand-driven synthetic replenishment delivery
1008,1008,2026-03-16,received,Demand-driven synthetic replenishment delivery
1009,1009,2026-03-13,received,Demand-driven synthetic replenishment delivery
1010,1010,2026-03-14,received,Demand-driven synthetic replenishment delivery
1011,1011,2026-03-14,received,Demand-driven synthetic replenishment delivery
1012,1012,2026-03-14,received,Demand-driven synthetic replenishment delivery
1013,1013,2026-03-15,received,Demand-driven synthetic replenishment delivery
1014,1014,2026-03-16,received,Demand-driven synthetic replenishment delivery
1015,1015,2026-03-20,received,Demand-driven synthetic replenishment delivery
1016,1016,2026-03-21,received,Demand-driven synthetic replenishment delivery
1017,1017,2026-03-21,received,Demand-driven synthetic replenishment delivery
1018,1018,2026-03-21,received,Demand-driven synthetic replenishment delivery
1019,1019,2026-03-22,received,Demand-driven synthetic replenishment delivery
1020,1020,2026-03-23,partial,Demand-driven synthetic replenishment delivery
1021,1021,2026-03-20,received,Demand-driven synthetic replenishment delivery
1022,1022,2026-03-21,received,Demand-driven synthetic replenishment delivery
1023,1023,2026-03-21,received,Demand-driven synthetic replenishment delivery
1024,1024,2026-03-21,received,Demand-driven synthetic replenishment delivery
1025,1025,2026-03-29,received,Demand-driven synthetic replenishment delivery
1026,1026,2026-03-30,received,Demand-driven synthetic replenishment delivery
1027,1027,2026-03-27,received,Demand-driven synthetic replenishment delivery
1028,1028,2026-03-28,received,Demand-driven synthetic replenishment delivery
1029,1029,2026-03-28,received,Demand-driven synthetic replenishment delivery
1030,1030,2026-03-28,received,Demand-driven synthetic replenishment delivery
1031,1031,2026-03-29,received,Demand-driven synthetic replenishment delivery
1032,1032,2026-03-30,received,Demand-driven synthetic replenishment delivery
1033,1033,2026-03-27,received,Demand-driven synthetic replenishment delivery
1034,1034,2026-03-28,received,Demand-driven synthetic replenishment delivery
1035,1035,2026-04-04,received,Demand-driven synthetic replenishment delivery
1036,1036,2026-04-04,received,Demand-driven synthetic replenishment delivery
1037,1037,2026-04-05,partial,Demand-driven synthetic replenishment delivery
1038,1038,2026-04-06,received,Demand-driven synthetic replenishment delivery
1039,1039,2026-04-03,received,Demand-driven synthetic replenishment delivery
1040,1040,2026-04-04,received,Demand-driven synthetic replenishment delivery
1041,1041,2026-04-04,received,Demand-driven synthetic replenishment delivery
1042,1042,2026-04-04,received,Demand-driven synthetic replenishment delivery
1043,1043,2026-04-05,received,Demand-driven synthetic replenishment delivery
1044,1044,2026-04-06,received,Demand-driven synthetic replenishment delivery
1045,1045,2026-04-10,received,Demand-driven synthetic replenishment delivery
1046,1046,2026-04-11,received,Demand-driven synthetic replenishment delivery
1047,1047,2026-04-11,received,Demand-driven synthetic replenishment delivery
1048,1048,2026-04-11,received,Demand-driven synthetic replenishment delivery
1049,1049,2026-04-12,received,Demand-driven synthetic replenishment delivery
1050,1050,2026-04-13,received,Demand-driven synthetic replenishment delivery
1051,1051,2026-04-10,received,Demand-driven synthetic replenishment delivery
1052,1052,2026-04-11,received,Demand-driven synthetic replenishment delivery
1053,1053,2026-04-11,received,Demand-driven synthetic replenishment delivery
1054,1054,2026-04-11,partial,Demand-driven synthetic replenishment delivery
1055,1055,2026-04-12,received,Demand-driven synthetic replenishment delivery
1056,1056,2026-04-20,received,Demand-driven synthetic replenishment delivery
1057,1057,2026-04-17,received,Demand-driven synthetic replenishment delivery
1058,1058,2026-04-18,received,Demand-driven synthetic replenishment delivery
1059,1059,2026-04-18,received,Demand-driven synthetic replenishment delivery
1060,1060,2026-04-18,received,Demand-driven synthetic replenishment delivery
1061,1061,2026-04-19,received,Demand-driven synthetic replenishment delivery
1062,1062,2026-04-20,received,Demand-driven synthetic replenishment delivery
1063,1063,2026-04-17,received,Demand-driven synthetic replenishment delivery
1064,1064,2026-04-18,received,Demand-driven synthetic replenishment delivery
1065,1065,2026-04-18,received,Demand-driven synthetic replenishment delivery
1066,1066,2026-04-25,received,Demand-driven synthetic replenishment delivery
1067,1067,2026-04-26,received,Demand-driven synthetic replenishment delivery
1068,1068,2026-04-27,received,Demand-driven synthetic replenishment delivery
1069,1069,2026-04-24,received,Demand-driven synthetic replenishment delivery
1070,1070,2026-04-25,received,Demand-driven synthetic replenishment delivery
1071,1071,2026-04-25,partial,Demand-driven synthetic replenishment delivery
1072,1072,2026-04-25,received,Demand-driven synthetic replenishment delivery
1073,1073,2026-04-26,received,Demand-driven synthetic replenishment delivery
1074,1074,2026-04-27,received,Demand-driven synthetic replenishment delivery
1075,1075,2026-04-24,received,Demand-driven synthetic replenishment delivery
1076,1076,2026-04-25,received,Demand-driven synthetic replenishment delivery
1077,1077,2026-05-02,received,Demand-driven synthetic replenishment delivery
1078,1078,2026-05-02,received,Demand-driven synthetic replenishment delivery
1079,1079,2026-05-03,received,Demand-driven synthetic replenishment delivery
1080,1080,2026-05-04,received,Demand-driven synthetic replenishment delivery
1081,1081,2026-05-01,received,Demand-driven synthetic replenishment delivery
1082,1082,2026-05-02,received,Demand-driven synthetic replenishment delivery
1083,1083,2026-05-02,received,Demand-driven synthetic replenishment delivery
1084,1084,2026-05-02,received,Demand-driven synthetic replenishment delivery
1085,1085,2026-05-03,received,Demand-driven synthetic replenishment delivery
1086,1086,2026-05-04,received,Demand-driven synthetic replenishment delivery
1087,1087,2026-05-08,received,Demand-driven synthetic replenishment delivery
1088,1088,2026-05-09,partial,Demand-driven synthetic replenishment delivery
1089,1089,2026-05-09,received,Demand-driven synthetic replenishment delivery
1090,1090,2026-05-09,received,Demand-driven synthetic replenishment delivery
1091,1091,2026-05-10,received,Demand-driven synthetic replenishment delivery
1092,1092,2026-05-11,received,Demand-driven synthetic replenishment delivery
1093,1093,2026-05-08,received,Demand-driven synthetic replenishment delivery
1094,1094,2026-05-09,received,Demand-driven synthetic replenishment delivery
1095,1095,2026-05-09,received,Demand-driven synthetic replenishment delivery
1096,1096,2026-05-09,received,Demand-driven synthetic replenishment delivery
1097,1097,2026-05-17,received,Demand-driven synthetic replenishment delivery
1098,1098,2026-05-18,received,Demand-driven synthetic replenishment delivery
1099,1099,2026-05-15,received,Demand-driven synthetic replenishment delivery
1100,1100,2026-05-16,received,Demand-driven synthetic replenishment delivery
1101,1101,2026-05-16,received,Demand-driven synthetic replenishment delivery
1102,1102,2026-05-16,received,Demand-driven synthetic replenishment delivery
1103,1103,2026-05-17,received,Demand-driven synthetic replenishment delivery
1104,1104,2026-05-18,received,Demand-driven synthetic replenishment delivery
1105,1105,2026-05-15,partial,Demand-driven synthetic replenishment delivery
1106,1106,2026-05-16,received,Demand-driven synthetic replenishment delivery
1107,1107,2026-05-23,received,Demand-driven synthetic replenishment delivery
1108,1108,2026-05-23,received,Demand-driven synthetic replenishment delivery
1109,1109,2026-05-24,received,Demand-driven synthetic replenishment delivery
1110,1110,2026-05-25,received,Demand-driven synthetic replenishment delivery
1111,1111,2026-05-22,received,Demand-driven synthetic replenishment delivery
1112,1112,2026-05-23,received,Demand-driven synthetic replenishment delivery
1113,1113,2026-05-23,received,Demand-driven synthetic replenishment delivery
1114,1114,2026-05-23,received,Demand-driven synthetic replenishment delivery
1115,1115,2026-05-24,received,Demand-driven synthetic replenishment delivery
1116,1116,2026-05-25,received,Demand-driven synthetic replenishment delivery
1117,1117,2026-05-22,received,Demand-driven synthetic replenishment delivery
1118,1118,2026-05-30,received,Demand-driven synthetic replenishment delivery
1119,1119,2026-05-30,received,Demand-driven synthetic replenishment delivery
1120,1120,2026-05-30,received,Demand-driven synthetic replenishment delivery
1121,1121,2026-05-31,received,Demand-driven synthetic replenishment delivery
1122,1122,2026-06-01,partial,Demand-driven synthetic replenishment delivery
1123,1123,2026-05-29,received,Demand-driven synthetic replenishment delivery
1124,1124,2026-05-30,received,Demand-driven synthetic replenishment delivery
1125,1125,2026-05-30,received,Demand-driven synthetic replenishment delivery
1126,1126,2026-05-30,received,Demand-driven synthetic replenishment delivery
1127,1127,2026-05-31,received,Demand-driven synthetic replenishment delivery
1128,1128,2026-06-08,received,Demand-driven synthetic replenishment delivery
1129,1129,2026-06-05,received,Demand-driven synthetic replenishment delivery
1130,1130,2026-06-06,received,Demand-driven synthetic replenishment delivery
1131,1131,2026-06-06,received,Demand-driven synthetic replenishment delivery
1132,1132,2026-06-06,received,Demand-driven synthetic replenishment delivery
1133,1133,2026-06-07,received,Demand-driven synthetic replenishment delivery
1134,1134,2026-06-08,received,Demand-driven synthetic replenishment delivery
1135,1135,2026-06-05,received,Demand-driven synthetic replenishment delivery
1136,1136,2026-06-06,received,Demand-driven synthetic replenishment delivery
1137,1137,2026-06-06,received,Demand-driven synthetic replenishment delivery
1138,1138,2026-06-06,received,Demand-driven synthetic replenishment delivery
1139,1139,2026-06-14,partial,Demand-driven synthetic replenishment delivery
1140,1140,2026-06-15,received,Demand-driven synthetic replenishment delivery
1141,1141,2026-06-12,received,Demand-driven synthetic replenishment delivery
1142,1142,2026-06-13,received,Demand-driven synthetic replenishment delivery
1143,1143,2026-06-13,received,Demand-driven synthetic replenishment delivery
1144,1144,2026-06-13,received,Demand-driven synthetic replenishment delivery
1145,1145,2026-06-14,received,Demand-driven synthetic replenishment delivery
1146,1146,2026-06-15,received,Demand-driven synthetic replenishment delivery
1147,1147,2026-06-12,received,Demand-driven synthetic replenishment delivery
1148,1148,2026-06-13,received,Demand-driven synthetic replenishment delivery
1149,1149,2026-06-20,received,Demand-driven synthetic replenishment delivery
1150,1150,2026-06-20,received,Demand-driven synthetic replenishment delivery
1151,1151,2026-06-21,received,Demand-driven synthetic replenishment delivery
1152,1152,2026-06-22,received,Demand-driven synthetic replenishment delivery
1153,1153,2026-06-19,received,Demand-driven synthetic replenishment delivery
1154,1154,2026-06-20,received,Demand-driven synthetic replenishment delivery
1155,1155,2026-06-20,received,Demand-driven synthetic replenishment delivery
1156,1156,2026-06-20,partial,Demand-driven synthetic replenishment delivery
1157,1157,2026-06-21,received,Demand-driven synthetic replenishment delivery
1158,1158,2026-06-22,received,Demand-driven synthetic replenishment delivery
1159,1159,2026-06-19,received,Demand-driven synthetic replenishment delivery
1160,1160,2026-06-27,received,Demand-driven synthetic replenishment delivery
1161,1161,2026-06-27,received,Demand-driven synthetic replenishment delivery
1162,1162,2026-06-27,received,Demand-driven synthetic replenishment delivery
1163,1163,2026-06-28,received,Demand-driven synthetic replenishment delivery
1164,1164,2026-06-29,received,Demand-driven synthetic replenishment delivery
1165,1165,2026-06-26,received,Demand-driven synthetic replenishment delivery
1166,1166,2026-06-27,received,Demand-driven synthetic replenishment delivery
1167,1167,2026-06-27,received,Demand-driven synthetic replenishment delivery
1168,1168,2026-06-27,received,Demand-driven synthetic replenishment delivery
1169,1169,2026-06-28,received,Demand-driven synthetic replenishment delivery
1170,1170,2026-07-06,received,Demand-driven synthetic replenishment delivery
1171,1171,2026-07-03,received,Demand-driven synthetic replenishment delivery
1172,1172,2026-07-04,received,Demand-driven synthetic replenishment delivery
1173,1173,2026-07-04,partial,Demand-driven synthetic replenishment delivery
1174,1174,2026-07-04,received,Demand-driven synthetic replenishment delivery
1175,1175,2026-07-05,received,Demand-driven synthetic replenishment delivery
1176,1176,2026-07-06,received,Demand-driven synthetic replenishment delivery
1177,1177,2026-07-03,received,Demand-driven synthetic replenishment delivery
1178,1178,2026-07-04,received,Demand-driven synthetic replenishment delivery
1179,1179,2026-07-04,received,Demand-driven synthetic replenishment delivery
1180,1180,2026-07-04,received,Demand-driven synthetic replenishment delivery
1181,1181,2026-07-12,received,Demand-driven synthetic replenishment delivery
1182,1182,2026-07-13,received,Demand-driven synthetic replenishment delivery
1183,1183,2026-07-10,received,Demand-driven synthetic replenishment delivery
1184,1184,2026-07-11,received,Demand-driven synthetic replenishment delivery
1185,1185,2026-07-11,received,Demand-driven synthetic replenishment delivery
1186,1186,2026-07-11,received,Demand-driven synthetic replenishment delivery
1187,1187,2026-07-12,received,Demand-driven synthetic replenishment delivery
1188,1188,2026-07-13,received,Demand-driven synthetic replenishment delivery
1189,1189,2026-07-10,received,Demand-driven synthetic replenishment delivery
1190,1190,2026-07-11,partial,Demand-driven synthetic replenishment delivery
1191,1191,2026-07-11,received,Demand-driven synthetic replenishment delivery
1192,1192,2026-07-18,received,Demand-driven synthetic replenishment delivery
1193,1193,2026-07-19,received,Demand-driven synthetic replenishment delivery
1194,1194,2026-07-20,received,Demand-driven synthetic replenishment delivery
1195,1195,2026-07-17,received,Demand-driven synthetic replenishment delivery
1196,1196,2026-07-18,received,Demand-driven synthetic replenishment delivery
1197,1197,2026-07-18,received,Demand-driven synthetic replenishment delivery
1198,1198,2026-07-18,received,Demand-driven synthetic replenishment delivery
1199,1199,2026-07-19,received,Demand-driven synthetic replenishment delivery
1200,1200,2026-07-20,received,Demand-driven synthetic replenishment delivery
1201,1201,2026-07-17,received,Demand-driven synthetic replenishment delivery
1202,1202,2026-07-25,received,Demand-driven synthetic replenishment delivery
1203,1203,2026-07-25,received,Demand-driven synthetic replenishment delivery
1204,1204,2026-07-25,received,Demand-driven synthetic replenishment delivery
1205,1205,2026-07-26,received,Demand-driven synthetic replenishment delivery
1206,1206,2026-07-27,received,Demand-driven synthetic replenishment delivery
1207,1207,2026-07-24,partial,Demand-driven synthetic replenishment delivery
1208,1208,2026-07-25,received,Demand-driven synthetic replenishment delivery
1209,1209,2026-07-25,received,Demand-driven synthetic replenishment delivery
1210,1210,2026-07-25,received,Demand-driven synthetic replenishment delivery
