purchase_order_id,vendor_id,store_id,order_date,expected_date,received_date,order_status
1,1,1,2025-11-01,2025-11-08,2025-11-07,received
2,2,1,2025-11-01,2025-11-06,2025-11-06,received
3,3,1,2025-11-01,2025-11-07,2025-11-07,received
4,4,1,2025-11-01,2025-11-07,2025-11-07,received
5,5,1,2025-11-01,2025-11-06,2025-11-07,received
6,6,1,2025-11-01,2025-11-07,2025-11-09,received
7,7,1,2025-11-01,2025-11-07,2025-11-06,received
8,8,1,2025-11-01,2025-11-04,2025-11-04,received
9,9,1,2025-11-01,2025-11-08,2025-11-08,received
10,1,1,2025-11-01,2025-11-08,2025-11-08,received
11,2,1,2025-11-02,2025-11-08,2025-11-09,received
12,3,1,2025-11-02,2025-11-08,2025-11-10,received
13,4,1,2025-11-04,2025-11-08,2025-11-07,received
14,5,1,2025-11-03,2025-11-08,2025-11-08,received
15,6,1,2025-11-01,2025-11-08,2025-11-08,received
16,7,1,2025-11-02,2025-11-08,2025-11-08,received
17,8,1,2025-11-01,2025-11-08,2025-11-09,partially_received
18,9,1,2025-11-03,2025-11-08,2025-11-10,received
19,1,1,2025-11-08,2025-11-15,2025-11-14,received
20,2,1,2025-11-09,2025-11-15,2025-11-15,received
21,2,1,2025-11-11,2025-11-15,2025-11-15,received
22,3,1,2025-11-09,2025-11-15,2025-11-15,received
23,4,1,2025-11-09,2025-11-15,2025-11-16,received
24,5,1,2025-11-10,2025-11-15,2025-11-17,received
25,6,1,2025-11-08,2025-11-15,2025-11-14,received
26,7,1,2025-11-09,2025-11-15,2025-11-15,received
27,8,1,2025-11-09,2025-11-15,2025-11-15,received
28,9,1,2025-11-08,2025-11-15,2025-11-15,received
29,9,1,2025-11-10,2025-11-15,2025-11-16,received
30,1,1,2025-11-15,2025-11-22,2025-11-24,received
31,2,1,2025-11-16,2025-11-22,2025-11-21,received
32,3,1,2025-11-16,2025-11-22,2025-11-22,received
33,4,1,2025-11-18,2025-11-22,2025-11-22,received
34,5,1,2025-11-16,2025-11-22,2025-11-22,partially_received
35,6,1,2025-11-15,2025-11-22,2025-11-23,received
36,7,1,2025-11-16,2025-11-22,2025-11-24,received
37,8,1,2025-11-15,2025-11-22,2025-11-21,received
38,8,1,2025-11-15,2025-11-22,2025-11-22,received
39,9,1,2025-11-18,2025-11-22,2025-11-22,received
40,1,1,2025-11-22,2025-11-29,2025-11-29,received
41,2,1,2025-11-23,2025-11-29,2025-11-30,received
42,3,1,2025-11-23,2025-11-29,2025-12-01,received
43,4,1,2025-11-23,2025-11-29,2025-11-28,received
44,5,1,2025-11-23,2025-11-29,2025-11-29,received
45,6,1,2025-11-22,2025-11-29,2025-11-29,received
46,7,1,2025-11-23,2025-11-29,2025-11-29,received
47,8,1,2025-11-22,2025-11-29,2025-11-30,received
48,9,1,2025-11-22,2025-11-29,2025-12-01,received
49,9,1,2025-11-24,2025-11-29,2025-11-28,received
50,1,1,2025-11-29,2025-12-06,2025-12-06,received
51,2,1,2025-11-30,2025-12-06,2025-12-06,partially_received
52,3,1,2025-11-30,2025-12-06,2025-12-06,received
53,4,1,2025-12-02,2025-12-06,2025-12-07,received
54,5,1,2025-11-30,2025-12-06,2025-12-08,received
55,6,1,2025-11-29,2025-12-06,2025-12-05,received
56,7,1,2025-11-30,2025-12-06,2025-12-06,received
57,8,1,2025-11-29,2025-12-06,2025-12-06,received
58,8,1,2025-12-01,2025-12-06,2025-12-06,received
59,9,1,2025-12-02,2025-12-06,2025-12-07,received
60,1,1,2025-12-06,2025-12-13,2025-12-15,received
61,2,1,2025-12-07,2025-12-13,2025-12-12,received
62,3,1,2025-12-07,2025-12-13,2025-12-13,received
63,4,1,2025-12-07,2025-12-13,2025-12-13,received
64,5,1,2025-12-08,2025-12-13,2025-12-13,received
65,6,1,2025-12-06,2025-12-13,2025-12-14,received
66,7,1,2025-12-07,2025-12-13,2025-12-15,received
67,8,1,2025-12-06,2025-12-13,2025-12-12,received
68,9,1,2025-12-06,2025-12-13,2025-12-13,partially_received
69,9,1,2025-12-08,2025-12-13,2025-12-13,received
70,1,1,2025-12-13,2025-12-20,2025-12-20,received
71,2,1,2025-12-14,2025-12-20,2025-12-21,received
72,3,1,2025-12-14,2025-12-20,2025-12-22,received
73,4,1,2025-12-16,2025-12-20,2025-12-19,received
74,5,1,2025-12-14,2025-12-20,2025-12-20,received
75,6,1,2025-12-13,2025-12-20,2025-12-20,received
76,7,1,2025-12-14,2025-12-20,2025-12-20,received
77,8,1,2025-12-13,2025-12-20,2025-12-21,received
78,8,1,2025-12-15,2025-12-20,2025-12-22,received
79,9,1,2025-12-13,2025-12-20,2025-12-19,received
80,1,1,2025-12-20,2025-12-27,2025-12-27,received
81,2,1,2025-12-21,2025-12-27,2025-12-27,received
82,3,1,2025-12-21,2025-12-27,2025-12-27,received
83,4,1,2025-12-21,2025-12-27,2025-12-28,received
84,5,1,2025-12-21,2025-12-27,2025-12-29,received
85,6,1,2025-12-20,2025-12-27,2025-12-26,partially_received
86,7,1,2025-12-21,2025-12-27,2025-12-27,received
87,8,1,2025-12-20,2025-12-27,2025-12-27,received
88,9,1,2025-12-20,2025-12-27,2025-12-27,received
89,9,1,2025-12-23,2025-12-27,2025-12-28,received
90,1,1,2025-12-27,2026-01-03,2026-01-05,received
91,2,1,2025-12-28,2026-01-03,2026-01-02,received
92,2,1,2025-12-31,2026-01-03,2026-01-03,received
93,3,1,2025-12-28,2026-01-03,2026-01-03,received
94,4,1,2025-12-30,2026-01-03,2026-01-03,received
95,5,1,2025-12-29,2026-01-03,2026-01-04,received
96,6,1,2025-12-27,2026-01-03,2026-01-05,received
97,7,1,2025-12-28,2026-01-03,2026-01-02,received
98,8,1,2025-12-27,2026-01-03,2026-01-03,received
99,8,1,2025-12-30,2026-01-03,2026-01-03,received
100,9,1,2025-12-29,2026-01-03,2026-01-03,received
101,1,1,2026-01-03,2026-01-10,2026-01-11,received
102,2,1,2026-01-04,2026-01-10,2026-01-12,partially_received
103,3,1,2026-01-04,2026-01-10,2026-01-09,received
104,4,1,2026-01-04,2026-01-10,2026-01-10,received
105,5,1,2026-01-05,2026-01-10,2026-01-10,received
106,5,1,2026-01-04,2026-01-10,2026-01-10,received
107,6,1,2026-01-03,2026-01-10,2026-01-11,received
108,7,1,2026-01-04,2026-01-10,2026-01-12,received
109,8,1,2026-01-04,2026-01-10,2026-01-09,received
110,9,1,2026-01-03,2026-01-10,2026-01-10,received
111,9,1,2026-01-06,2026-01-10,2026-01-10,received
112,1,1,2026-01-10,2026-01-17,2026-01-17,received
113,2,1,2026-01-11,2026-01-17,2026-01-18,received
114,3,1,2026-01-11,2026-01-17,2026-01-19,received
115,4,1,2026-01-13,2026-01-17,2026-01-16,received
116,5,1,2026-01-13,2026-01-17,2026-01-17,received
117,6,1,2026-01-10,2026-01-17,2026-01-17,received
118,7,1,2026-01-11,2026-01-17,2026-01-17,received
119,8,1,2026-01-10,2026-01-17,2026-01-18,partially_received
120,8,1,2026-01-12,2026-01-17,2026-01-19,received
121,9,1,2026-01-13,2026-01-17,2026-01-16,received
122,1,1,2026-01-17,2026-01-24,2026-01-24,received
123,2,1,2026-01-18,2026-01-24,2026-01-24,received
124,3,1,2026-01-18,2026-01-24,2026-01-24,received
125,4,1,2026-01-18,2026-01-24,2026-01-25,received
126,5,1,2026-01-19,2026-01-24,2026-01-26,received
127,6,1,2026-01-17,2026-01-24,2026-01-23,received
128,7,1,2026-01-18,2026-01-24,2026-01-24,received
129,8,1,2026-01-17,2026-01-24,2026-01-24,received
130,9,1,2026-01-17,2026-01-24,2026-01-24,received
131,9,1,2026-01-20,2026-01-24,2026-01-25,received
132,1,1,2026-01-24,2026-01-31,2026-02-02,received
133,2,1,2026-01-25,2026-01-31,2026-01-30,received
134,3,1,2026-01-25,2026-01-31,2026-01-31,received
135,4,1,2026-01-27,2026-01-31,2026-01-31,received
136,5,1,2026-01-25,2026-01-31,2026-01-31,partially_received
137,6,1,2026-01-24,2026-01-31,2026-02-01,received
138,7,1,2026-01-25,2026-01-31,2026-02-02,received
139,8,1,2026-01-24,2026-01-31,2026-01-30,received
140,8,1,2026-01-26,2026-01-31,2026-01-31,received
141,9,1,2026-01-27,2026-01-31,2026-01-31,received
142,1,1,2026-01-31,2026-02-07,2026-02-07,received
143,2,1,2026-02-01,2026-02-07,2026-02-08,received
144,3,1,2026-02-01,2026-02-07,2026-02-09,received
145,4,1,2026-02-01,2026-02-07,2026-02-06,received
146,5,1,2026-02-02,2026-02-07,2026-02-07,received
147,6,1,2026-01-31,2026-02-07,2026-02-07,received
148,7,1,2026-02-01,2026-02-07,2026-02-07,received
149,8,1,2026-01-31,2026-02-07,2026-02-08,received
150,8,1,2026-02-04,2026-02-07,2026-02-09,received
151,9,1,2026-01-31,2026-02-07,2026-02-06,received
152,9,1,2026-02-06,2026-02-07,2026-02-07,received
153,1,1,2026-02-07,2026-02-14,2026-02-14,partially_received
154,2,1,2026-02-08,2026-02-14,2026-02-14,received
155,3,1,2026-02-08,2026-02-14,2026-02-15,received
156,4,1,2026-02-10,2026-02-14,2026-02-16,received
157,5,1,2026-02-08,2026-02-14,2026-02-13,received
158,6,1,2026-02-07,2026-02-14,2026-02-14,received
159,7,1,2026-02-08,2026-02-14,2026-02-14,received
160,8,1,2026-02-07,2026-02-14,2026-02-14,received
161,8,1,2026-02-09,2026-02-14,2026-02-15,received
162,9,1,2026-02-10,2026-02-14,2026-02-16,received
163,1,1,2026-02-14,2026-02-21,2026-02-20,received
164,2,1,2026-02-15,2026-02-21,2026-02-21,received
165,3,1,2026-02-15,2026-02-21,2026-02-21,received
166,4,1,2026-02-15,2026-02-21,2026-02-21,received
167,5,1,2026-02-15,2026-02-21,2026-02-22,received
168,6,1,2026-02-14,2026-02-21,2026-02-23,received
169,6,1,2026-02-20,2026-02-21,2026-02-20,received
170,7,1,2026-02-15,2026-02-21,2026-02-21,partially_received
171,8,1,2026-02-15,2026-02-21,2026-02-21,received
172,9,1,2026-02-14,2026-02-21,2026-02-21,received
173,1,1,2026-02-21,2026-02-28,2026-03-01,received
174,2,1,2026-02-22,2026-02-28,2026-03-02,received
175,3,1,2026-02-22,2026-02-28,2026-02-27,received
176,4,1,2026-02-24,2026-02-28,2026-02-28,received
177,5,1,2026-02-22,2026-02-28,2026-02-28,received
178,6,1,2026-02-21,2026-02-28,2026-02-28,received
179,7,1,2026-02-22,2026-02-28,2026-03-01,received
180,8,1,2026-02-21,2026-02-28,2026-03-02,received
181,8,1,2026-02-23,2026-02-28,2026-02-27,received
182,9,1,2026-02-21,2026-02-28,2026-02-28,received
183,1,1,2026-02-28,2026-03-07,2026-03-07,received
184,2,1,2026-03-01,2026-03-07,2026-03-07,received
185,3,1,2026-03-01,2026-03-07,2026-03-08,received
186,4,1,2026-03-01,2026-03-07,2026-03-09,received
187,5,1,2026-03-02,2026-03-07,2026-03-06,partially_received
188,6,1,2026-02-28,2026-03-07,2026-03-07,received
189,7,1,2026-03-01,2026-03-07,2026-03-07,received
190,8,1,2026-02-28,2026-03-07,2026-03-07,received
191,9,1,2026-02-28,2026-03-07,2026-03-08,received
192,9,1,2026-03-02,2026-03-07,2026-03-09,received
193,1,1,2026-03-07,2026-03-14,2026-03-13,received
194,2,1,2026-03-08,2026-03-14,2026-03-14,received
195,2,1,2026-03-11,2026-03-14,2026-03-14,received
196,3,1,2026-03-08,2026-03-14,2026-03-14,received
197,4,1,2026-03-10,2026-03-14,2026-03-15,received
198,5,1,2026-03-08,2026-03-14,2026-03-16,received
199,6,1,2026-03-07,2026-03-14,2026-03-13,received
200,7,1,2026-03-08,2026-03-14,2026-03-14,received
201,8,1,2026-03-07,2026-03-14,2026-03-14,received
202,8,1,2026-03-07,2026-03-14,2026-03-14,received
203,9,1,2026-03-07,2026-03-14,2026-03-15,received
204,1,1,2026-03-14,2026-03-21,2026-03-23,partially_received
205,2,1,2026-03-15,2026-03-21,2026-03-20,received
206,3,1,2026-03-15,2026-03-21,2026-03-21,received
207,4,1,2026-03-15,2026-03-21,2026-03-21,received
208,5,1,2026-03-16,2026-03-21,2026-03-21,received
209,6,1,2026-03-14,2026-03-21,2026-03-22,received
210,6,1,2026-03-20,2026-03-21,2026-03-23,received
211,7,1,2026-03-15,2026-03-21,2026-03-20,received
212,8,1,2026-03-15,2026-03-21,2026-03-21,received
213,9,1,2026-03-14,2026-03-21,2026-03-21,received
214,9,1,2026-03-20,2026-03-21,2026-03-21,received
215,1,1,2026-03-21,2026-03-28,2026-03-29,received
216,2,1,2026-03-22,2026-03-28,2026-03-30,received
217,3,1,2026-03-22,2026-03-28,2026-03-27,received
218,4,1,2026-03-24,2026-03-28,2026-03-28,received
219,5,1,2026-03-23,2026-03-28,2026-03-28,received
220,6,1,2026-03-21,2026-03-28,2026-03-28,received
221,7,1,2026-03-22,2026-03-28,2026-03-29,partially_received
222,8,1,2026-03-21,2026-03-28,2026-03-30,received
223,8,1,2026-03-23,2026-03-28,2026-03-27,received
224,9,1,2026-03-21,2026-03-28,2026-03-28,received
225,9,1,2026-03-27,2026-03-28,2026-03-28,received
226,1,1,2026-03-28,2026-04-04,2026-04-04,received
227,2,1,2026-03-29,2026-04-04,2026-04-05,received
228,3,1,2026-03-29,2026-04-04,2026-04-06,received
229,4,1,2026-03-29,2026-04-04,2026-04-03,received
230,5,1,2026-03-30,2026-04-04,2026-04-04,received
231,6,1,2026-03-28,2026-04-04,2026-04-04,received
232,7,1,2026-03-29,2026-04-04,2026-04-04,received
233,8,1,2026-03-28,2026-04-04,2026-04-05,received
234,9,1,2026-03-28,2026-04-04,2026-04-06,received
235,9,1,2026-03-30,2026-04-04,2026-04-03,received
236,1,1,2026-04-04,2026-04-11,2026-04-11,received
237,2,1,2026-04-05,2026-04-11,2026-04-11,received
238,3,1,2026-04-05,2026-04-11,2026-04-11,partially_received
239,4,1,2026-04-07,2026-04-11,2026-04-12,received
240,5,1,2026-04-05,2026-04-11,2026-04-13,received
241,6,1,2026-04-04,2026-04-11,2026-04-10,received
242,7,1,2026-04-05,2026-04-11,2026-04-11,received
243,8,1,2026-04-04,2026-04-11,2026-04-11,received
244,9,1,2026-04-04,2026-04-11,2026-04-11,received
245,9,1,2026-04-09,2026-04-11,2026-04-12,received
246,1,1,2026-04-11,2026-04-18,2026-04-20,received
247,2,1,2026-04-12,2026-04-18,2026-04-17,received
248,2,1,2026-04-14,2026-04-18,2026-04-18,received
249,3,1,2026-04-12,2026-04-18,2026-04-18,received
250,4,1,2026-04-12,2026-04-18,2026-04-18,received
251,5,1,2026-04-13,2026-04-18,2026-04-19,received
252,6,1,2026-04-11,2026-04-18,2026-04-20,received
253,7,1,2026-04-12,2026-04-18,2026-04-17,received
254,8,1,2026-04-12,2026-04-18,2026-04-18,received
255,9,1,2026-04-11,2026-04-18,2026-04-18,partially_received
256,9,1,2026-04-14,2026-04-18,2026-04-18,received
257,1,1,2026-04-18,2026-04-25,2026-04-26,received
258,2,1,2026-04-19,2026-04-25,2026-04-27,received
259,3,1,2026-04-19,2026-04-25,2026-04-24,received
260,4,1,2026-04-21,2026-04-25,2026-04-25,received
261,5,1,2026-04-19,2026-04-25,2026-04-25,received
262,6,1,2026-04-18,2026-04-25,2026-04-25,received
263,7,1,2026-04-19,2026-04-25,2026-04-26,received
264,8,1,2026-04-18,2026-04-25,2026-04-27,received
265,8,1,2026-04-20,2026-04-25,2026-04-24,received
266,9,1,2026-04-21,2026-04-25,2026-04-25,received
267,1,1,2026-04-25,2026-05-02,2026-05-02,received
268,2,1,2026-04-26,2026-05-02,2026-05-02,received
269,3,1,2026-04-26,2026-05-02,2026-05-03,received
270,4,1,2026-04-26,2026-05-02,2026-05-04,received
271,5,1,2026-04-27,2026-05-02,2026-05-01,received
272,6,1,2026-04-25,2026-05-02,2026-05-02,partially_received
273,7,1,2026-04-26,2026-05-02,2026-05-02,received
274,8,1,2026-04-25,2026-05-02,2026-05-02,received
275,9,1,2026-04-25,2026-05-02,2026-05-03,received
276,9,1,2026-04-28,2026-05-02,2026-05-04,received
277,1,1,2026-05-02,2026-05-09,2026-05-08,received
278,2,1,2026-05-03,2026-05-09,2026-05-09,received
279,3,1,2026-05-03,2026-05-09,2026-05-09,received
280,4,1,2026-05-05,2026-05-09,2026-05-09,received
281,5,1,2026-05-03,2026-05-09,2026-05-10,received
282,6,1,2026-05-02,2026-05-09,2026-05-11,received
283,7,1,2026-05-03,2026-05-09,2026-05-08,received
284,8,1,2026-05-02,2026-05-09,2026-05-09,received
285,8,1,2026-05-04,2026-05-09,2026-05-09,received
286,9,1,2026-05-02,2026-05-09,2026-05-09,received
287,1,1,2026-05-09,2026-05-16,2026-05-17,received
288,2,1,2026-05-10,2026-05-16,2026-05-18,received
289,3,1,2026-05-10,2026-05-16,2026-05-15,partially_received
290,4,1,2026-05-10,2026-05-16,2026-05-16,received
291,5,1,2026-05-11,2026-05-16,2026-05-16,received
292,6,1,2026-05-09,2026-05-16,2026-05-16,received
293,7,1,2026-05-10,2026-05-16,2026-05-17,received
294,8,1,2026-05-09,2026-05-16,2026-05-18,received
295,9,1,2026-05-09,2026-05-16,2026-05-15,received
296,9,1,2026-05-12,2026-05-16,2026-05-16,received
297,1,1,2026-05-16,2026-05-23,2026-05-23,received
298,2,1,2026-05-17,2026-05-23,2026-05-23,received
299,3,1,2026-05-17,2026-05-23,2026-05-24,received
300,4,1,2026-05-19,2026-05-23,2026-05-25,received
301,5,1,2026-05-17,2026-05-23,2026-05-22,received
302,6,1,2026-05-16,2026-05-23,2026-05-23,received
303,7,1,2026-05-17,2026-05-23,2026-05-23,received
304,8,1,2026-05-16,2026-05-23,2026-05-23,received
305,8,1,2026-05-18,2026-05-23,2026-05-24,received
306,9,1,2026-05-16,2026-05-23,2026-05-25,partially_received
307,1,1,2026-05-23,2026-05-30,2026-05-29,received
308,2,1,2026-05-24,2026-05-30,2026-05-30,received
309,2,1,2026-05-26,2026-05-30,2026-05-30,received
310,3,1,2026-05-24,2026-05-30,2026-05-30,received
311,4,1,2026-05-24,2026-05-30,2026-05-31,received
312,5,1,2026-05-25,2026-05-30,2026-06-01,received
313,6,1,2026-05-23,2026-05-30,2026-05-29,received
314,7,1,2026-05-24,2026-05-30,2026-05-30,received
315,8,1,2026-05-24,2026-05-30,2026-05-30,received
316,9,1,2026-05-23,2026-05-30,2026-05-30,received
317,9,1,2026-05-29,2026-05-30,2026-05-31,received
318,1,1,2026-05-30,2026-06-06,2026-06-08,received
319,2,1,2026-05-31,2026-06-06,2026-06-05,received
320,2,1,2026-06-03,2026-06-06,2026-06-06,received
321,3,1,2026-05-31,2026-06-06,2026-06-06,received
322,4,1,2026-06-02,2026-06-06,2026-06-06,received
323,5,1,2026-05-31,2026-06-06,2026-06-07,partially_received
324,6,1,2026-05-30,2026-06-06,2026-06-08,received
325,7,1,2026-05-31,2026-06-06,2026-06-05,received
326,8,1,2026-05-30,2026-06-06,2026-06-06,received
327,8,1,2026-06-01,2026-06-06,2026-06-06,received
328,9,1,2026-05-30,2026-06-06,2026-06-06,received
329,1,1,2026-06-06,2026-06-13,2026-06-14,received
330,2,1,2026-06-07,2026-06-13,2026-06-15,received
331,3,1,2026-06-07,2026-06-13,2026-06-12,received
332,4,1,2026-06-07,2026-06-13,2026-06-13,received
333,5,1,2026-06-08,2026-06-13,2026-06-13,received
334,6,1,2026-06-06,2026-06-13,2026-06-13,received
335,6,1,2026-06-12,2026-06-13,2026-06-14,received
336,7,1,2026-06-07,2026-06-13,2026-06-15,received
337,8,1,2026-06-07,2026-06-13,2026-06-12,received
338,9,1,2026-06-06,2026-06-13,2026-06-13,received
339,9,1,2026-06-09,2026-06-13,2026-06-13,received
340,1,1,2026-06-13,2026-06-20,2026-06-20,partially_received
341,2,1,2026-06-14,2026-06-20,2026-06-21,received
342,3,1,2026-06-14,2026-06-20,2026-06-22,received
343,4,1,2026-06-16,2026-06-20,2026-06-19,received
344,5,1,2026-06-14,2026-06-20,2026-06-20,received
345,6,1,2026-06-13,2026-06-20,2026-06-20,received
346,7,1,2026-06-14,2026-06-20,2026-06-20,received
347,8,1,2026-06-13,2026-06-20,2026-06-21,received
348,8,1,2026-06-13,2026-06-20,2026-06-22,received
349,9,1,2026-06-13,2026-06-20,2026-06-19,received
350,1,1,2026-06-20,2026-06-27,2026-06-27,received
351,2,1,2026-06-21,2026-06-27,2026-06-27,received
352,3,1,2026-06-21,2026-06-27,2026-06-27,received
353,4,1,2026-06-21,2026-06-27,2026-06-28,received
354,5,1,2026-06-21,2026-06-27,2026-06-29,received
355,6,1,2026-06-20,2026-06-27,2026-06-26,received
356,7,1,2026-06-21,2026-06-27,2026-06-27,received
357,8,1,2026-06-20,2026-06-27,2026-06-27,partially_received
358,9,1,2026-06-20,2026-06-27,2026-06-27,received
359,1,1,2026-06-27,2026-07-04,2026-07-05,received
360,2,1,2026-06-28,2026-07-04,2026-07-06,received
361,3,1,2026-06-28,2026-07-04,2026-07-03,received
362,4,1,2026-06-30,2026-07-04,2026-07-04,received
363,5,1,2026-06-28,2026-07-04,2026-07-04,received
364,6,1,2026-06-27,2026-07-04,2026-07-04,received
365,7,1,2026-06-28,2026-07-04,2026-07-05,received
366,8,1,2026-06-27,2026-07-04,2026-07-06,received
367,8,1,2026-06-30,2026-07-04,2026-07-03,received
368,9,1,2026-06-27,2026-07-04,2026-07-04,received
369,9,1,2026-07-02,2026-07-04,2026-07-04,received
370,1,1,2026-07-04,2026-07-11,2026-07-11,received
371,2,1,2026-07-05,2026-07-11,2026-07-12,received
372,3,1,2026-07-05,2026-07-11,2026-07-13,received
373,4,1,2026-07-05,2026-07-11,2026-07-10,received
374,5,1,2026-07-06,2026-07-11,2026-07-11,partially_received
375,6,1,2026-07-04,2026-07-11,2026-07-11,received
376,7,1,2026-07-05,2026-07-11,2026-07-11,received
377,8,1,2026-07-05,2026-07-11,2026-07-12,received
378,9,1,2026-07-04,2026-07-11,2026-07-13,received
379,9,1,2026-07-10,2026-07-11,2026-07-10,received
380,1,1,2026-07-11,2026-07-18,2026-07-18,received
381,2,1,2026-07-12,2026-07-18,2026-07-18,received
382,2,1,2026-07-15,2026-07-18,2026-07-18,received
383,3,1,2026-07-12,2026-07-18,2026-07-19,received
384,4,1,2026-07-14,2026-07-18,2026-07-20,received
385,5,1,2026-07-13,2026-07-18,2026-07-17,received
386,6,1,2026-07-11,2026-07-18,2026-07-18,received
387,7,1,2026-07-12,2026-07-18,2026-07-18,received
388,8,1,2026-07-11,2026-07-18,2026-07-18,received
389,8,1,2026-07-14,2026-07-18,2026-07-19,received
390,9,1,2026-07-11,2026-07-18,2026-07-20,received
391,9,1,2026-07-17,2026-07-18,2026-07-17,partially_received
392,1,1,2026-07-18,2026-07-25,2026-07-25,received
393,2,1,2026-07-19,2026-07-25,2026-07-25,received
394,3,1,2026-07-19,2026-07-25,2026-07-25,received
395,4,1,2026-07-19,2026-07-25,2026-07-26,received
396,5,1,2026-07-20,2026-07-25,2026-07-27,received
397,6,1,2026-07-18,2026-07-25,2026-07-24,received
398,7,1,2026-07-19,2026-07-25,2026-07-25,received
399,8,1,2026-07-19,2026-07-25,2026-07-25,received
400,9,1,2026-07-18,2026-07-25,2026-07-25,received
401,9,1,2026-07-20,2026-07-25,2026-07-26,received
402,1,2,2025-11-01,2025-11-08,2025-11-10,received
403,2,2,2025-11-01,2025-11-05,2025-11-04,received
404,3,2,2025-11-01,2025-11-06,2025-11-06,received
405,4,2,2025-11-01,2025-11-05,2025-11-05,received
406,5,2,2025-11-01,2025-11-06,2025-11-06,received
407,6,2,2025-11-01,2025-11-08,2025-11-09,received
408,7,2,2025-11-01,2025-11-07,2025-11-09,partially_received
409,8,2,2025-11-01,2025-11-08,2025-11-07,received
410,8,2,2025-11-01,2025-11-05,2025-11-05,received
411,9,2,2025-11-01,2025-11-06,2025-11-06,received
412,1,2,2025-11-01,2025-11-08,2025-11-08,received
413,2,2,2025-11-02,2025-11-08,2025-11-09,received
414,3,2,2025-11-02,2025-11-08,2025-11-10,received
415,4,2,2025-11-02,2025-11-08,2025-11-07,received
416,5,2,2025-11-03,2025-11-08,2025-11-08,received
417,6,2,2025-11-01,2025-11-08,2025-11-08,received
418,7,2,2025-11-02,2025-11-08,2025-11-08,received
419,8,2,2025-11-01,2025-11-08,2025-11-09,received
420,8,2,2025-11-05,2025-11-08,2025-11-10,received
421,9,2,2025-11-01,2025-11-08,2025-11-07,received
422,9,2,2025-11-04,2025-11-08,2025-11-08,received
423,1,2,2025-11-08,2025-11-15,2025-11-15,received
424,2,2,2025-11-09,2025-11-15,2025-11-15,received
425,3,2,2025-11-09,2025-11-15,2025-11-16,partially_received
426,4,2,2025-11-11,2025-11-15,2025-11-17,received
427,5,2,2025-11-10,2025-11-15,2025-11-14,received
428,6,2,2025-11-08,2025-11-15,2025-11-15,received
429,7,2,2025-11-09,2025-11-15,2025-11-15,received
430,8,2,2025-11-08,2025-11-15,2025-11-15,received
431,8,2,2025-11-10,2025-11-15,2025-11-16,received
432,9,2,2025-11-08,2025-11-15,2025-11-17,received
433,9,2,2025-11-14,2025-11-15,2025-11-14,received
434,1,2,2025-11-15,2025-11-22,2025-11-22,received
435,2,2,2025-11-16,2025-11-22,2025-11-22,received
436,3,2,2025-11-16,2025-11-22,2025-11-22,received
437,4,2,2025-11-16,2025-11-22,2025-11-23,received
438,5,2,2025-11-17,2025-11-22,2025-11-24,received
439,6,2,2025-11-15,2025-11-22,2025-11-21,received
440,7,2,2025-11-16,2025-11-22,2025-11-22,received
441,8,2,2025-11-16,2025-11-22,2025-11-22,received
442,9,2,2025-11-15,2025-11-22,2025-11-22,partially_received
443,9,2,2025-11-21,2025-11-22,2025-11-23,received
444,1,2,2025-11-22,2025-11-29,2025-12-01,received
445,2,2,2025-11-23,2025-11-29,2025-11-28,received
446,3,2,2025-11-23,2025-11-29,2025-11-29,received
447,4,2,2025-11-25,2025-11-29,2025-11-29,received
448,5,2,2025-11-24,2025-11-29,2025-11-29,received
449,6,2,2025-11-22,2025-11-29,2025-11-30,received
450,7,2,2025-11-23,2025-11-29,2025-12-01,received
451,8,2,2025-11-22,2025-11-29,2025-11-28,received
452,8,2,2025-11-24,2025-11-29,2025-11-29,received
453,9,2,2025-11-25,2025-11-29,2025-11-29,received
454,1,2,2025-11-29,2025-12-06,2025-12-06,received
455,2,2,2025-11-30,2025-12-06,2025-12-07,received
456,3,2,2025-11-30,2025-12-06,2025-12-08,received
457,4,2,2025-11-30,2025-12-06,2025-12-05,received
458,5,2,2025-12-03,2025-12-06,2025-12-06,received
459,6,2,2025-11-29,2025-12-06,2025-12-06,partially_received
460,7,2,2025-11-30,2025-12-06,2025-12-06,received
461,8,2,2025-11-29,2025-12-06,2025-12-07,received
462,8,2,2025-12-03,2025-12-06,2025-12-08,received
463,9,2,2025-11-29,2025-12-06,2025-12-05,received
464,9,2,2025-12-05,2025-12-06,2025-12-06,received
465,1,2,2025-12-06,2025-12-13,2025-12-13,received
466,2,2,2025-12-07,2025-12-13,2025-12-13,received
467,2,2,2025-12-08,2025-12-13,2025-12-14,received
468,3,2,2025-12-07,2025-12-13,2025-12-15,received
469,4,2,2025-12-09,2025-12-13,2025-12-12,received
470,5,2,2025-12-07,2025-12-13,2025-12-13,received
471,6,2,2025-12-06,2025-12-13,2025-12-13,received
472,7,2,2025-12-07,2025-12-13,2025-12-13,received
473,8,2,2025-12-06,2025-12-13,2025-12-14,received
474,8,2,2025-12-08,2025-12-13,2025-12-15,received
475,9,2,2025-12-06,2025-12-13,2025-12-12,received
476,1,2,2025-12-13,2025-12-20,2025-12-20,partially_received
477,2,2,2025-12-14,2025-12-20,2025-12-20,received
478,2,2,2025-12-16,2025-12-20,2025-12-20,received
479,3,2,2025-12-14,2025-12-20,2025-12-21,received
480,4,2,2025-12-14,2025-12-20,2025-12-22,received
481,5,2,2025-12-15,2025-12-20,2025-12-19,received
482,6,2,2025-12-13,2025-12-20,2025-12-20,received
483,7,2,2025-12-14,2025-12-20,2025-12-20,received
484,8,2,2025-12-14,2025-12-20,2025-12-20,received
485,9,2,2025-12-13,2025-12-20,2025-12-21,received
486,9,2,2025-12-19,2025-12-20,2025-12-22,received
487,1,2,2025-12-20,2025-12-27,2025-12-26,received
488,2,2,2025-12-21,2025-12-27,2025-12-27,received
489,3,2,2025-12-21,2025-12-27,2025-12-27,received
490,4,2,2025-12-23,2025-12-27,2025-12-27,received
491,5,2,2025-12-21,2025-12-27,2025-12-28,received
492,6,2,2025-12-20,2025-12-27,2025-12-29,received
493,7,2,2025-12-21,2025-12-27,2025-12-26,partially_received
494,8,2,2025-12-20,2025-12-27,2025-12-27,received
495,8,2,2025-12-23,2025-12-27,2025-12-27,received
496,9,2,2025-12-20,2025-12-27,2025-12-27,received
497,1,2,2025-12-27,2026-01-03,2026-01-04,received
498,2,2,2025-12-28,2026-01-03,2026-01-05,received
499,3,2,2025-12-28,2026-01-03,2026-01-02,received
500,4,2,2025-12-28,2026-01-03,2026-01-03,received
501,5,2,2025-12-29,2026-01-03,2026-01-03,received
502,6,2,2025-12-27,2026-01-03,2026-01-03,received
503,7,2,2025-12-28,2026-01-03,2026-01-04,received
504,8,2,2025-12-28,2026-01-03,2026-01-05,received
505,9,2,2025-12-27,2026-01-03,2026-01-02,received
506,9,2,2025-12-30,2026-01-03,2026-01-03,received
507,1,2,2026-01-03,2026-01-10,2026-01-10,received
508,2,2,2026-01-04,2026-01-10,2026-01-10,received
509,3,2,2026-01-04,2026-01-10,2026-01-11,received
510,4,2,2026-01-06,2026-01-10,2026-01-12,partially_received
511,5,2,2026-01-04,2026-01-10,2026-01-09,received
512,6,2,2026-01-03,2026-01-10,2026-01-10,received
513,7,2,2026-01-04,2026-01-10,2026-01-10,received
514,8,2,2026-01-03,2026-01-10,2026-01-10,received
515,8,2,2026-01-05,2026-01-10,2026-01-11,received
516,9,2,2026-01-05,2026-01-10,2026-01-12,received
517,1,2,2026-01-10,2026-01-17,2026-01-16,received
518,2,2,2026-01-11,2026-01-17,2026-01-17,received
519,3,2,2026-01-11,2026-01-17,2026-01-17,received
520,4,2,2026-01-11,2026-01-17,2026-01-17,received
521,5,2,2026-01-12,2026-01-17,2026-01-18,received
522,6,2,2026-01-10,2026-01-17,2026-01-19,received
523,7,2,2026-01-11,2026-01-17,2026-01-16,received
524,8,2,2026-01-10,2026-01-17,2026-01-17,received
525,8,2,2026-01-14,2026-01-17,2026-01-17,received
526,9,2,2026-01-10,2026-01-17,2026-01-17,received
527,9,2,2026-01-13,2026-01-17,2026-01-18,partially_received
528,1,2,2026-01-17,2026-01-24,2026-01-26,received
529,2,2,2026-01-18,2026-01-24,2026-01-23,received
530,3,2,2026-01-18,2026-01-24,2026-01-24,received
531,4,2,2026-01-20,2026-01-24,2026-01-24,received
532,5,2,2026-01-18,2026-01-24,2026-01-24,received
533,6,2,2026-01-17,2026-01-24,2026-01-25,received
534,7,2,2026-01-18,2026-01-24,2026-01-26,received
535,8,2,2026-01-17,2026-01-24,2026-01-23,received
536,8,2,2026-01-20,2026-01-24,2026-01-24,received
537,9,2,2026-01-17,2026-01-24,2026-01-24,received
538,1,2,2026-01-24,2026-01-31,2026-01-31,received
539,2,2,2026-01-25,2026-01-31,2026-02-01,received
540,3,2,2026-01-25,2026-01-31,2026-02-02,received
541,4,2,2026-01-25,2026-01-31,2026-01-30,received
542,5,2,2026-01-26,2026-01-31,2026-01-31,received
543,6,2,2026-01-24,2026-01-31,2026-01-31,received
544,7,2,2026-01-25,2026-01-31,2026-01-31,partially_received
545,8,2,2026-01-25,2026-01-31,2026-02-01,received
546,9,2,2026-01-24,2026-01-31,2026-02-02,received
547,9,2,2026-01-30,2026-01-31,2026-01-30,received
548,1,2,2026-01-31,2026-02-07,2026-02-07,received
549,2,2,2026-02-01,2026-02-07,2026-02-07,received
550,3,2,2026-02-01,2026-02-07,2026-02-07,received
551,4,2,2026-02-03,2026-02-07,2026-02-08,received
552,5,2,2026-02-02,2026-02-07,2026-02-09,received
553,6,2,2026-01-31,2026-02-07,2026-02-06,received
554,7,2,2026-02-01,2026-02-07,2026-02-07,received
555,8,2,2026-01-31,2026-02-07,2026-02-07,received
556,8,2,2026-02-02,2026-02-07,2026-02-07,received
557,9,2,2026-01-31,2026-02-07,2026-02-08,received
558,1,2,2026-02-07,2026-02-14,2026-02-16,received
559,2,2,2026-02-08,2026-02-14,2026-02-13,received
560,3,2,2026-02-08,2026-02-14,2026-02-14,received
561,4,2,2026-02-08,2026-02-14,2026-02-14,partially_received
562,5,2,2026-02-09,2026-02-14,2026-02-14,received
563,6,2,2026-02-07,2026-02-14,2026-02-15,received
564,7,2,2026-02-08,2026-02-14,2026-02-16,received
565,8,2,2026-02-07,2026-02-14,2026-02-13,received
566,9,2,2026-02-07,2026-02-14,2026-02-14,received
567,9,2,2026-02-10,2026-02-14,2026-02-14,received
568,1,2,2026-02-14,2026-02-21,2026-02-21,received
569,2,2,2026-02-15,2026-02-21,2026-02-22,received
570,3,2,2026-02-15,2026-02-21,2026-02-23,received
571,4,2,2026-02-17,2026-02-21,2026-02-20,received
572,5,2,2026-02-15,2026-02-21,2026-02-21,received
573,6,2,2026-02-14,2026-02-21,2026-02-21,received
574,7,2,2026-02-15,2026-02-21,2026-02-21,received
575,8,2,2026-02-14,2026-02-21,2026-02-22,received
576,8,2,2026-02-14,2026-02-21,2026-02-23,received
577,9,2,2026-02-14,2026-02-21,2026-02-20,received
578,1,2,2026-02-21,2026-02-28,2026-02-28,partially_received
579,2,2,2026-02-22,2026-02-28,2026-02-28,received
580,3,2,2026-02-22,2026-02-28,2026-02-28,received
581,4,2,2026-02-22,2026-02-28,2026-03-01,received
582,5,2,2026-02-22,2026-02-28,2026-03-02,received
583,6,2,2026-02-21,2026-02-28,2026-02-27,received
584,7,2,2026-02-22,2026-02-28,2026-02-28,received
585,8,2,2026-02-22,2026-02-28,2026-02-28,received
586,9,2,2026-02-21,2026-02-28,2026-02-28,received
587,1,2,2026-02-28,2026-03-07,2026-03-08,received
588,2,2,2026-03-01,2026-03-07,2026-03-09,received
589,2,2,2026-03-04,2026-03-07,2026-03-06,received
590,3,2,2026-03-01,2026-03-07,2026-03-07,received
591,4,2,2026-03-03,2026-03-07,2026-03-07,received
592,5,2,2026-03-01,2026-03-07,2026-03-07,received
593,6,2,2026-02-28,2026-03-07,2026-03-08,received
594,7,2,2026-03-01,2026-03-07,2026-03-09,received
595,8,2,2026-02-28,2026-03-07,2026-03-06,partially_received
596,8,2,2026-02-28,2026-03-07,2026-03-07,received
597,9,2,2026-02-28,2026-03-07,2026-03-07,received
598,1,2,2026-03-07,2026-03-14,2026-03-14,received
599,2,2,2026-03-08,2026-03-14,2026-03-15,received
600,3,2,2026-03-08,2026-03-14,2026-03-16,received
601,4,2,2026-03-08,2026-03-14,2026-03-13,received
602,5,2,2026-03-09,2026-03-14,2026-03-14,received
603,6,2,2026-03-07,2026-03-14,2026-03-14,received
604,6,2,2026-03-13,2026-03-14,2026-03-14,received
605,7,2,2026-03-08,2026-03-14,2026-03-15,received
606,8,2,2026-03-08,2026-03-14,2026-03-16,received
607,9,2,2026-03-08,2026-03-14,2026-03-13,received
608,1,2,2026-03-14,2026-03-21,2026-03-21,received
609,2,2,2026-03-15,2026-03-21,2026-03-21,received
610,3,2,2026-03-15,2026-03-21,2026-03-21,received
611,4,2,2026-03-17,2026-03-21,2026-03-22,received
612,5,2,2026-03-16,2026-03-21,2026-03-23,partially_received
613,6,2,2026-03-14,2026-03-21,2026-03-20,received
614,7,2,2026-03-15,2026-03-21,2026-03-21,received
615,8,2,2026-03-14,2026-03-21,2026-03-21,received
616,8,2,2026-03-16,2026-03-21,2026-03-21,received
617,9,2,2026-03-14,2026-03-21,2026-03-22,received
618,9,2,2026-03-19,2026-03-21,2026-03-23,received
619,1,2,2026-03-21,2026-03-28,2026-03-27,received
620,2,2,2026-03-22,2026-03-28,2026-03-28,received
621,2,2,2026-03-24,2026-03-28,2026-03-28,received
622,3,2,2026-03-22,2026-03-28,2026-03-28,received
623,4,2,2026-03-22,2026-03-28,2026-03-29,received
624,5,2,2026-03-23,2026-03-28,2026-03-30,received
625,6,2,2026-03-21,2026-03-28,2026-03-27,received
626,7,2,2026-03-22,2026-03-28,2026-03-28,received
627,8,2,2026-03-21,2026-03-28,2026-03-28,received
628,9,2,2026-03-21,2026-03-28,2026-03-28,received
629,9,2,2026-03-24,2026-03-28,2026-03-29,partially_received
630,1,2,2026-03-28,2026-04-04,2026-04-06,received
631,2,2,2026-03-29,2026-04-04,2026-04-03,received
632,2,2,2026-03-30,2026-04-04,2026-04-04,received
633,3,2,2026-03-29,2026-04-04,2026-04-04,received
634,4,2,2026-03-31,2026-04-04,2026-04-04,received
635,5,2,2026-03-30,2026-04-04,2026-04-05,received
636,6,2,2026-03-28,2026-04-04,2026-04-06,received
637,7,2,2026-03-29,2026-04-04,2026-04-03,received
638,8,2,2026-03-28,2026-04-04,2026-04-04,received
639,8,2,2026-03-31,2026-04-04,2026-04-04,received
640,9,2,2026-03-28,2026-04-04,2026-04-04,received
641,9,2,2026-04-03,2026-04-04,2026-04-05,received
642,1,2,2026-04-04,2026-04-11,2026-04-13,received
643,2,2,2026-04-05,2026-04-11,2026-04-10,received
644,3,2,2026-04-05,2026-04-11,2026-04-11,received
645,4,2,2026-04-05,2026-04-11,2026-04-11,received
646,5,2,2026-04-06,2026-04-11,2026-04-11,partially_received
647,6,2,2026-04-04,2026-04-11,2026-04-12,received
648,7,2,2026-04-05,2026-04-11,2026-04-13,received
649,8,2,2026-04-04,2026-04-11,2026-04-10,received
650,9,2,2026-04-04,2026-04-11,2026-04-11,received
651,9,2,2026-04-06,2026-04-11,2026-04-11,received
652,1,2,2026-04-11,2026-04-18,2026-04-18,received
653,2,2,2026-04-12,2026-04-18,2026-04-19,received
654,3,2,2026-04-12,2026-04-18,2026-04-20,received
655,4,2,2026-04-14,2026-04-18,2026-04-17,received
656,5,2,2026-04-12,2026-04-18,2026-04-18,received
657,6,2,2026-04-11,2026-04-18,2026-04-18,received
658,7,2,2026-04-12,2026-04-18,2026-04-18,received
659,8,2,2026-04-11,2026-04-18,2026-04-19,received
660,8,2,2026-04-13,2026-04-18,2026-04-20,received
661,9,2,2026-04-14,2026-04-18,2026-04-17,received
662,1,2,2026-04-18,2026-04-25,2026-04-25,received
663,2,2,2026-04-19,2026-04-25,2026-04-25,partially_received
664,3,2,2026-04-19,2026-04-25,2026-04-25,received
665,4,2,2026-04-19,2026-04-25,2026-04-26,received
666,5,2,2026-04-20,2026-04-25,2026-04-27,received
667,6,2,2026-04-18,2026-04-25,2026-04-24,received
668,6,2,2026-04-24,2026-04-25,2026-04-25,received
669,7,2,2026-04-19,2026-04-25,2026-04-25,received
670,8,2,2026-04-19,2026-04-25,2026-04-25,received
671,9,2,2026-04-18,2026-04-25,2026-04-26,received
672,9,2,2026-04-20,2026-04-25,2026-04-27,received
673,1,2,2026-04-25,2026-05-02,2026-05-01,received
674,2,2,2026-04-26,2026-05-02,2026-05-02,received
675,3,2,2026-04-26,2026-05-02,2026-05-02,received
676,4,2,2026-04-28,2026-05-02,2026-05-02,received
677,5,2,2026-04-26,2026-05-02,2026-05-03,received
678,6,2,2026-04-25,2026-05-02,2026-05-04,received
679,7,2,2026-04-26,2026-05-02,2026-05-01,received
680,8,2,2026-04-25,2026-05-02,2026-05-02,partially_received
681,8,2,2026-04-27,2026-05-02,2026-05-02,received
682,9,2,2026-04-25,2026-05-02,2026-05-02,received
683,1,2,2026-05-02,2026-05-09,2026-05-10,received
684,2,2,2026-05-03,2026-05-09,2026-05-11,received
685,3,2,2026-05-03,2026-05-09,2026-05-08,received
686,4,2,2026-05-03,2026-05-09,2026-05-09,received
687,5,2,2026-05-03,2026-05-09,2026-05-09,received
688,6,2,2026-05-02,2026-05-09,2026-05-09,received
689,7,2,2026-05-03,2026-05-09,2026-05-10,received
690,8,2,2026-05-02,2026-05-09,2026-05-11,received
691,9,2,2026-05-02,2026-05-09,2026-05-08,received
692,9,2,2026-05-05,2026-05-09,2026-05-09,received
693,1,2,2026-05-09,2026-05-16,2026-05-16,received
694,2,2,2026-05-10,2026-05-16,2026-05-16,received
695,3,2,2026-05-10,2026-05-16,2026-05-17,received
696,4,2,2026-05-12,2026-05-16,2026-05-18,received
697,5,2,2026-05-10,2026-05-16,2026-05-15,partially_received
698,6,2,2026-05-09,2026-05-16,2026-05-16,received
699,7,2,2026-05-10,2026-05-16,2026-05-16,received
700,8,2,2026-05-09,2026-05-16,2026-05-16,received
701,8,2,2026-05-12,2026-05-16,2026-05-17,received
702,9,2,2026-05-11,2026-05-16,2026-05-18,received
703,1,2,2026-05-16,2026-05-23,2026-05-22,received
704,2,2,2026-05-17,2026-05-23,2026-05-23,received
705,2,2,2026-05-19,2026-05-23,2026-05-23,received
706,3,2,2026-05-17,2026-05-23,2026-05-23,received
707,4,2,2026-05-17,2026-05-23,2026-05-24,received
708,5,2,2026-05-17,2026-05-23,2026-05-25,received
709,6,2,2026-05-16,2026-05-23,2026-05-22,received
710,7,2,2026-05-17,2026-05-23,2026-05-23,received
711,8,2,2026-05-17,2026-05-23,2026-05-23,received
712,9,2,2026-05-16,2026-05-23,2026-05-23,received
713,9,2,2026-05-19,2026-05-23,2026-05-24,received
714,1,2,2026-05-23,2026-05-30,2026-06-01,partially_received
715,2,2,2026-05-24,2026-05-30,2026-05-29,received
716,3,2,2026-05-24,2026-05-30,2026-05-30,received
717,4,2,2026-05-26,2026-05-30,2026-05-30,received
718,5,2,2026-05-25,2026-05-30,2026-05-30,received
719,6,2,2026-05-23,2026-05-30,2026-05-31,received
720,7,2,2026-05-24,2026-05-30,2026-06-01,received
721,8,2,2026-05-23,2026-05-30,2026-05-29,received
722,8,2,2026-05-25,2026-05-30,2026-05-30,received
723,9,2,2026-05-23,2026-05-30,2026-05-30,received
724,9,2,2026-05-29,2026-05-30,2026-05-30,received
725,1,2,2026-05-30,2026-06-06,2026-06-07,received
726,2,2,2026-05-31,2026-06-06,2026-06-08,received
727,3,2,2026-05-31,2026-06-06,2026-06-05,received
728,4,2,2026-05-31,2026-06-06,2026-06-06,received
729,5,2,2026-06-01,2026-06-06,2026-06-06,received
730,6,2,2026-05-30,2026-06-06,2026-06-06,received
731,7,2,2026-05-31,2026-06-06,2026-06-07,partially_received
732,8,2,2026-05-31,2026-06-06,2026-06-08,received
733,9,2,2026-05-30,2026-06-06,2026-06-05,received
734,9,2,2026-06-02,2026-06-06,2026-06-06,received
735,1,2,2026-06-06,2026-06-13,2026-06-13,received
736,2,2,2026-06-07,2026-06-13,2026-06-13,received
737,3,2,2026-06-07,2026-06-13,2026-06-14,received
738,4,2,2026-06-09,2026-06-13,2026-06-15,received
739,5,2,2026-06-07,2026-06-13,2026-06-12,received
740,6,2,2026-06-06,2026-06-13,2026-06-13,received
741,7,2,2026-06-07,2026-06-13,2026-06-13,received
742,8,2,2026-06-06,2026-06-13,2026-06-13,received
743,8,2,2026-06-08,2026-06-13,2026-06-14,received
744,9,2,2026-06-06,2026-06-13,2026-06-15,received
745,1,2,2026-06-13,2026-06-20,2026-06-19,received
746,2,2,2026-06-14,2026-06-20,2026-06-20,received
747,2,2,2026-06-16,2026-06-20,2026-06-20,received
748,3,2,2026-06-14,2026-06-20,2026-06-20,partially_received
749,4,2,2026-06-14,2026-06-20,2026-06-21,received
750,5,2,2026-06-15,2026-06-20,2026-06-22,received
751,6,2,2026-06-13,2026-06-20,2026-06-19,received
752,7,2,2026-06-14,2026-06-20,2026-06-20,received
753,8,2,2026-06-14,2026-06-20,2026-06-20,received
754,9,2,2026-06-13,2026-06-20,2026-06-20,received
755,9,2,2026-06-19,2026-06-20,2026-06-21,received
756,1,2,2026-06-20,2026-06-27,2026-06-29,received
757,2,2,2026-06-21,2026-06-27,2026-06-26,received
758,3,2,2026-06-21,2026-06-27,2026-06-27,received
759,4,2,2026-06-23,2026-06-27,2026-06-27,received
760,5,2,2026-06-21,2026-06-27,2026-06-27,received
761,6,2,2026-06-20,2026-06-27,2026-06-28,received
762,7,2,2026-06-21,2026-06-27,2026-06-29,received
763,8,2,2026-06-20,2026-06-27,2026-06-26,received
764,8,2,2026-06-22,2026-06-27,2026-06-27,received
765,9,2,2026-06-20,2026-06-27,2026-06-27,partially_received
766,1,2,2026-06-27,2026-07-04,2026-07-04,received
767,2,2,2026-06-28,2026-07-04,2026-07-05,received
768,3,2,2026-06-28,2026-07-04,2026-07-06,received
769,4,2,2026-06-28,2026-07-04,2026-07-03,received
770,5,2,2026-06-28,2026-07-04,2026-07-04,received
771,6,2,2026-06-27,2026-07-04,2026-07-04,received
772,7,2,2026-06-28,2026-07-04,2026-07-04,received
773,8,2,2026-06-27,2026-07-04,2026-07-05,received
774,9,2,2026-06-27,2026-07-04,2026-07-06,received
775,9,2,2026-06-30,2026-07-04,2026-07-03,received
776,1,2,2026-07-04,2026-07-11,2026-07-11,received
777,2,2,2026-07-05,2026-07-11,2026-07-11,received
778,2,2,2026-07-08,2026-07-11,2026-07-11,received
779,3,2,2026-07-05,2026-07-11,2026-07-12,received
780,4,2,2026-07-07,2026-07-11,2026-07-13,received
781,5,2,2026-07-05,2026-07-11,2026-07-10,received
782,6,2,2026-07-04,2026-07-11,2026-07-11,partially_received
783,7,2,2026-07-05,2026-07-11,2026-07-11,received
784,8,2,2026-07-04,2026-07-11,2026-07-11,received
785,8,2,2026-07-07,2026-07-11,2026-07-12,received
786,9,2,2026-07-04,2026-07-11,2026-07-13,received
787,1,2,2026-07-11,2026-07-18,2026-07-17,received
788,2,2,2026-07-12,2026-07-18,2026-07-18,received
789,3,2,2026-07-12,2026-07-18,2026-07-18,received
790,4,2,2026-07-12,2026-07-18,2026-07-18,received
791,5,2,2026-07-12,2026-07-18,2026-07-19,received
792,6,2,2026-07-11,2026-07-18,2026-07-20,received
793,7,2,2026-07-12,2026-07-18,2026-07-17,received
794,8,2,2026-07-12,2026-07-18,2026-07-18,received
795,9,2,2026-07-11,2026-07-18,2026-07-18,received
796,9,2,2026-07-14,2026-07-18,2026-07-18,received
797,1,2,2026-07-18,2026-07-25,2026-07-26,received
798,2,2,2026-07-19,2026-07-25,2026-07-27,received
799,3,2,2026-07-19,2026-07-25,2026-07-24,partially_received
800,4,2,2026-07-21,2026-07-25,2026-07-25,received
801,5,2,2026-07-19,2026-07-25,2026-07-25,received
802,6,2,2026-07-18,2026-07-25,2026-07-25,received
803,7,2,2026-07-19,2026-07-25,2026-07-26,received
804,8,2,2026-07-18,2026-07-25,2026-07-27,received
805,8,2,2026-07-20,2026-07-25,2026-07-24,received
806,9,2,2026-07-18,2026-07-25,2026-07-25,received
807,1,3,2025-11-01,2025-11-08,2025-11-08,received
808,2,3,2025-11-01,2025-11-07,2025-11-07,received
809,3,3,2025-11-01,2025-11-07,2025-11-08,received
810,4,3,2025-11-01,2025-11-07,2025-11-09,received
811,5,3,2025-11-01,2025-11-06,2025-11-05,received
812,6,3,2025-11-01,2025-11-08,2025-11-08,received
813,7,3,2025-11-01,2025-11-07,2025-11-07,received
814,8,3,2025-11-01,2025-11-07,2025-11-07,received
815,9,3,2025-11-01,2025-11-08,2025-11-09,received
816,9,3,2025-11-01,2025-11-02,2025-11-04,partially_received
817,1,3,2025-11-01,2025-11-08,2025-11-07,received
818,2,3,2025-11-02,2025-11-08,2025-11-08,received
819,2,3,2025-11-05,2025-11-08,2025-11-08,received
820,3,3,2025-11-02,2025-11-08,2025-11-08,received
821,4,3,2025-11-04,2025-11-08,2025-11-09,received
822,5,3,2025-11-03,2025-11-08,2025-11-10,received
823,6,3,2025-11-01,2025-11-08,2025-11-07,received
824,7,3,2025-11-02,2025-11-08,2025-11-08,received
825,8,3,2025-11-01,2025-11-08,2025-11-08,received
826,8,3,2025-11-03,2025-11-08,2025-11-08,received
827,9,3,2025-11-01,2025-11-08,2025-11-09,received
828,1,3,2025-11-08,2025-11-15,2025-11-17,received
829,2,3,2025-11-09,2025-11-15,2025-11-14,received
830,3,3,2025-11-09,2025-11-15,2025-11-15,received
831,4,3,2025-11-09,2025-11-15,2025-11-15,received
832,5,3,2025-11-09,2025-11-15,2025-11-15,received
833,6,3,2025-11-08,2025-11-15,2025-11-16,partially_received
834,7,3,2025-11-09,2025-11-15,2025-11-17,received
835,8,3,2025-11-09,2025-11-15,2025-11-14,received
836,9,3,2025-11-08,2025-11-15,2025-11-15,received
837,1,3,2025-11-15,2025-11-22,2025-11-22,received
838,2,3,2025-11-16,2025-11-22,2025-11-22,received
839,3,3,2025-11-16,2025-11-22,2025-11-23,received
840,4,3,2025-11-18,2025-11-22,2025-11-24,received
841,5,3,2025-11-16,2025-11-22,2025-11-21,received
842,6,3,2025-11-15,2025-11-22,2025-11-22,received
843,7,3,2025-11-16,2025-11-22,2025-11-22,received
844,8,3,2025-11-15,2025-11-22,2025-11-22,received
845,8,3,2025-11-17,2025-11-22,2025-11-23,received
846,9,3,2025-11-18,2025-11-22,2025-11-24,received
847,1,3,2025-11-22,2025-11-29,2025-11-28,received
848,2,3,2025-11-23,2025-11-29,2025-11-29,received
849,3,3,2025-11-23,2025-11-29,2025-11-29,received
850,4,3,2025-11-23,2025-11-29,2025-11-29,partially_received
851,5,3,2025-11-23,2025-11-29,2025-11-30,received
852,6,3,2025-11-22,2025-11-29,2025-12-01,received
853,7,3,2025-11-23,2025-11-29,2025-11-28,received
854,8,3,2025-11-23,2025-11-29,2025-11-29,received
855,9,3,2025-11-22,2025-11-29,2025-11-29,received
856,9,3,2025-11-25,2025-11-29,2025-11-29,received
857,1,3,2025-11-29,2025-12-06,2025-12-07,received
858,2,3,2025-11-30,2025-12-06,2025-12-08,received
859,3,3,2025-11-30,2025-12-06,2025-12-05,received
860,4,3,2025-12-02,2025-12-06,2025-12-06,received
861,5,3,2025-12-01,2025-12-06,2025-12-06,received
862,6,3,2025-11-29,2025-12-06,2025-12-06,received
863,7,3,2025-11-30,2025-12-06,2025-12-07,received
864,8,3,2025-11-29,2025-12-06,2025-12-08,received
865,8,3,2025-12-02,2025-12-06,2025-12-05,received
866,9,3,2025-11-29,2025-12-06,2025-12-06,received
867,9,3,2025-12-05,2025-12-06,2025-12-06,partially_received
868,1,3,2025-12-06,2025-12-13,2025-12-13,received
869,2,3,2025-12-07,2025-12-13,2025-12-14,received
870,3,3,2025-12-07,2025-12-13,2025-12-15,received
871,4,3,2025-12-07,2025-12-13,2025-12-12,received
872,5,3,2025-12-08,2025-12-13,2025-12-13,received
873,6,3,2025-12-06,2025-12-13,2025-12-13,received
874,6,3,2025-12-12,2025-12-13,2025-12-13,received
875,7,3,2025-12-07,2025-12-13,2025-12-14,received
876,8,3,2025-12-07,2025-12-13,2025-12-15,received
877,9,3,2025-12-06,2025-12-13,2025-12-12,received
878,9,3,2025-12-09,2025-12-13,2025-12-13,received
879,1,3,2025-12-13,2025-12-20,2025-12-20,received
880,2,3,2025-12-14,2025-12-20,2025-12-20,received
881,3,3,2025-12-14,2025-12-20,2025-12-21,received
882,4,3,2025-12-16,2025-12-20,2025-12-22,received
883,5,3,2025-12-14,2025-12-20,2025-12-19,received
884,6,3,2025-12-13,2025-12-20,2025-12-20,partially_received
885,7,3,2025-12-14,2025-12-20,2025-12-20,received
886,8,3,2025-12-13,2025-12-20,2025-12-20,received
887,8,3,2025-12-13,2025-12-20,2025-12-21,received
888,9,3,2025-12-13,2025-12-20,2025-12-22,received
889,1,3,2025-12-20,2025-12-27,2025-12-26,received
890,2,3,2025-12-21,2025-12-27,2025-12-27,received
891,2,3,2025-12-23,2025-12-27,2025-12-27,received
892,3,3,2025-12-21,2025-12-27,2025-12-27,received
893,4,3,2025-12-21,2025-12-27,2025-12-28,received
894,5,3,2025-12-22,2025-12-27,2025-12-29,received
895,6,3,2025-12-20,2025-12-27,2025-12-26,received
896,7,3,2025-12-21,2025-12-27,2025-12-27,received
897,8,3,2025-12-21,2025-12-27,2025-12-27,received
898,9,3,2025-12-20,2025-12-27,2025-12-27,received
899,9,3,2025-12-23,2025-12-27,2025-12-28,received
900,1,3,2025-12-27,2026-01-03,2026-01-05,received
901,2,3,2025-12-28,2026-01-03,2026-01-02,partially_received
902,3,3,2025-12-28,2026-01-03,2026-01-03,received
903,4,3,2025-12-30,2026-01-03,2026-01-03,received
904,5,3,2025-12-28,2026-01-03,2026-01-03,received
905,6,3,2025-12-27,2026-01-03,2026-01-04,received
906,7,3,2025-12-28,2026-01-03,2026-01-05,received
907,8,3,2025-12-27,2026-01-03,2026-01-02,received
908,8,3,2025-12-30,2026-01-03,2026-01-03,received
909,9,3,2025-12-27,2026-01-03,2026-01-03,received
910,1,3,2026-01-03,2026-01-10,2026-01-10,received
911,2,3,2026-01-04,2026-01-10,2026-01-11,received
912,3,3,2026-01-04,2026-01-10,2026-01-12,received
913,4,3,2026-01-04,2026-01-10,2026-01-09,received
914,5,3,2026-01-05,2026-01-10,2026-01-10,received
915,6,3,2026-01-03,2026-01-10,2026-01-10,received
916,7,3,2026-01-04,2026-01-10,2026-01-10,received
917,8,3,2026-01-03,2026-01-10,2026-01-11,received
918,9,3,2026-01-03,2026-01-10,2026-01-12,partially_received
919,9,3,2026-01-05,2026-01-10,2026-01-09,received
920,1,3,2026-01-10,2026-01-17,2026-01-17,received
921,2,3,2026-01-11,2026-01-17,2026-01-17,received
922,2,3,2026-01-14,2026-01-17,2026-01-17,received
923,3,3,2026-01-11,2026-01-17,2026-01-18,received
924,4,3,2026-01-13,2026-01-17,2026-01-19,received
925,5,3,2026-01-11,2026-01-17,2026-01-16,received
926,6,3,2026-01-10,2026-01-17,2026-01-17,received
927,7,3,2026-01-11,2026-01-17,2026-01-17,received
928,8,3,2026-01-10,2026-01-17,2026-01-17,received
929,9,3,2026-01-10,2026-01-17,2026-01-18,received
930,9,3,2026-01-15,2026-01-17,2026-01-19,received
931,1,3,2026-01-17,2026-01-24,2026-01-23,received
932,2,3,2026-01-18,2026-01-24,2026-01-24,received
933,3,3,2026-01-18,2026-01-24,2026-01-24,received
934,4,3,2026-01-18,2026-01-24,2026-01-24,received
935,5,3,2026-01-19,2026-01-24,2026-01-25,partially_received
936,6,3,2026-01-17,2026-01-24,2026-01-26,received
937,7,3,2026-01-18,2026-01-24,2026-01-23,received
938,8,3,2026-01-17,2026-01-24,2026-01-24,received
939,9,3,2026-01-17,2026-01-24,2026-01-24,received
940,9,3,2026-01-19,2026-01-24,2026-01-24,received
941,1,3,2026-01-24,2026-01-31,2026-02-01,received
942,2,3,2026-01-25,2026-01-31,2026-02-02,received
943,2,3,2026-01-28,2026-01-31,2026-01-30,received
944,3,3,2026-01-25,2026-01-31,2026-01-31,received
945,4,3,2026-01-27,2026-01-31,2026-01-31,received
946,5,3,2026-01-25,2026-01-31,2026-01-31,received
947,6,3,2026-01-24,2026-01-31,2026-02-01,received
948,7,3,2026-01-25,2026-01-31,2026-02-02,received
949,8,3,2026-01-24,2026-01-31,2026-01-30,received
950,8,3,2026-01-27,2026-01-31,2026-01-31,received
951,9,3,2026-01-26,2026-01-31,2026-01-31,received
952,1,3,2026-01-31,2026-02-07,2026-02-07,partially_received
953,2,3,2026-02-01,2026-02-07,2026-02-08,received
954,2,3,2026-02-03,2026-02-07,2026-02-09,received
955,3,3,2026-02-01,2026-02-07,2026-02-06,received
956,4,3,2026-02-01,2026-02-07,2026-02-07,received
957,5,3,2026-02-02,2026-02-07,2026-02-07,received
958,6,3,2026-01-31,2026-02-07,2026-02-07,received
959,7,3,2026-02-01,2026-02-07,2026-02-08,received
960,8,3,2026-02-01,2026-02-07,2026-02-09,received
961,9,3,2026-01-31,2026-02-07,2026-02-06,received
962,9,3,2026-02-02,2026-02-07,2026-02-07,received
963,1,3,2026-02-07,2026-02-14,2026-02-14,received
964,2,3,2026-02-08,2026-02-14,2026-02-14,received
965,3,3,2026-02-08,2026-02-14,2026-02-15,received
966,4,3,2026-02-10,2026-02-14,2026-02-16,received
967,5,3,2026-02-08,2026-02-14,2026-02-13,received
968,6,3,2026-02-07,2026-02-14,2026-02-14,received
969,7,3,2026-02-08,2026-02-14,2026-02-14,partially_received
970,8,3,2026-02-07,2026-02-14,2026-02-14,received
971,8,3,2026-02-09,2026-02-14,2026-02-15,received
972,9,3,2026-02-10,2026-02-14,2026-02-16,received
973,1,3,2026-02-14,2026-02-21,2026-02-20,received
974,2,3,2026-02-15,2026-02-21,2026-02-21,received
975,3,3,2026-02-15,2026-02-21,2026-02-21,received
976,4,3,2026-02-15,2026-02-21,2026-02-21,received
977,5,3,2026-02-16,2026-02-21,2026-02-22,received
978,6,3,2026-02-14,2026-02-21,2026-02-23,received
979,7,3,2026-02-15,2026-02-21,2026-02-20,received
980,8,3,2026-02-14,2026-02-21,2026-02-21,received
981,9,3,2026-02-14,2026-02-21,2026-02-21,received
982,9,3,2026-02-17,2026-02-21,2026-02-21,received
983,1,3,2026-02-21,2026-02-28,2026-03-01,received
984,2,3,2026-02-22,2026-02-28,2026-03-02,received
985,3,3,2026-02-22,2026-02-28,2026-02-27,received
986,4,3,2026-02-24,2026-02-28,2026-02-28,partially_received
987,5,3,2026-02-22,2026-02-28,2026-02-28,received
988,6,3,2026-02-21,2026-02-28,2026-02-28,received
989,7,3,2026-02-22,2026-02-28,2026-03-01,received
990,8,3,2026-02-21,2026-02-28,2026-03-02,received
991,8,3,2026-02-23,2026-02-28,2026-02-27,received
992,9,3,2026-02-21,2026-02-28,2026-02-28,received
993,1,3,2026-02-28,2026-03-07,2026-03-07,received
994,2,3,2026-03-01,2026-03-07,2026-03-07,received
995,3,3,2026-03-01,2026-03-07,2026-03-08,received
996,4,3,2026-03-01,2026-03-07,2026-03-09,received
997,5,3,2026-03-02,2026-03-07,2026-03-06,received
998,6,3,2026-02-28,2026-03-07,2026-03-07,received
999,6,3,2026-03-06,2026-03-07,2026-03-07,received
1000,7,3,2026-03-01,2026-03-07,2026-03-07,received
1001,8,3,2026-03-01,2026-03-07,2026-03-08,received
1002,9,3,2026-02-28,2026-03-07,2026-03-09,received
1003,9,3,2026-03-03,2026-03-07,2026-03-06,partially_received
1004,1,3,2026-03-07,2026-03-14,2026-03-14,received
1005,2,3,2026-03-08,2026-03-14,2026-03-14,received
1006,3,3,2026-03-08,2026-03-14,2026-03-14,received
1007,4,3,2026-03-10,2026-03-14,2026-03-15,received
1008,5,3,2026-03-09,2026-03-14,2026-03-16,received
1009,6,3,2026-03-07,2026-03-14,2026-03-13,received
1010,7,3,2026-03-08,2026-03-14,2026-03-14,received
1011,8,3,2026-03-07,2026-03-14,2026-03-14,received
1012,8,3,2026-03-10,2026-03-14,2026-03-14,received
1013,9,3,2026-03-07,2026-03-14,2026-03-15,received
1014,9,3,2026-03-13,2026-03-14,2026-03-16,received
1015,1,3,2026-03-14,2026-03-21,2026-03-20,received
1016,2,3,2026-03-15,2026-03-21,2026-03-21,received
1017,3,3,2026-03-15,2026-03-21,2026-03-21,received
1018,4,3,2026-03-15,2026-03-21,2026-03-21,received
1019,5,3,2026-03-15,2026-03-21,2026-03-22,received
1020,6,3,2026-03-14,2026-03-21,2026-03-23,partially_received
1021,7,3,2026-03-15,2026-03-21,2026-03-20,received
1022,8,3,2026-03-15,2026-03-21,2026-03-21,received
1023,9,3,2026-03-14,2026-03-21,2026-03-21,received
1024,9,3,2026-03-17,2026-03-21,2026-03-21,received
1025,1,3,2026-03-21,2026-03-28,2026-03-29,received
1026,2,3,2026-03-22,2026-03-28,2026-03-30,received
1027,3,3,2026-03-22,2026-03-28,2026-03-27,received
1028,4,3,2026-03-24,2026-03-28,2026-03-28,received
1029,5,3,2026-03-22,2026-03-28,2026-03-28,received
1030,6,3,2026-03-21,2026-03-28,2026-03-28,received
1031,7,3,2026-03-22,2026-03-28,2026-03-29,received
1032,8,3,2026-03-21,2026-03-28,2026-03-30,received
1033,8,3,2026-03-23,2026-03-28,2026-03-27,received
1034,9,3,2026-03-21,2026-03-28,2026-03-28,received
1035,1,3,2026-03-28,2026-04-04,2026-04-04,received
1036,2,3,2026-03-29,2026-04-04,2026-04-04,received
1037,3,3,2026-03-29,2026-04-04,2026-04-05,partially_received
1038,4,3,2026-03-29,2026-04-04,2026-04-06,received
1039,5,3,2026-03-30,2026-04-04,2026-04-03,received
1040,6,3,2026-03-28,2026-04-04,2026-04-04,received
1041,6,3,2026-04-03,2026-04-04,2026-04-04,received
1042,7,3,2026-03-29,2026-04-04,2026-04-04,received
1043,8,3,2026-03-29,2026-04-04,2026-04-05,received
1044,9,3,2026-03-28,2026-04-04,2026-04-06,received
1045,1,3,2026-04-04,2026-04-11,2026-04-10,received
1046,2,3,2026-04-05,2026-04-11,2026-04-11,received
1047,2,3,2026-04-08,2026-04-11,2026-04-11,received
1048,3,3,2026-04-05,2026-04-11,2026-04-11,received
1049,4,3,2026-04-07,2026-04-11,2026-04-12,received
1050,5,3,2026-04-05,2026-04-11,2026-04-13,received
1051,6,3,2026-04-04,2026-04-11,2026-04-10,received
1052,7,3,2026-04-05,2026-04-11,2026-04-11,received
1053,8,3,2026-04-04,2026-04-11,2026-04-11,received
1054,8,3,2026-04-06,2026-04-11,2026-04-11,partially_received
1055,9,3,2026-04-04,2026-04-11,2026-04-12,received
1056,1,3,2026-04-11,2026-04-18,2026-04-20,received
1057,2,3,2026-04-12,2026-04-18,2026-04-17,received
1058,3,3,2026-04-12,2026-04-18,2026-04-18,received
1059,4,3,2026-04-12,2026-04-18,2026-04-18,received
1060,5,3,2026-04-12,2026-04-18,2026-04-18,received
1061,6,3,2026-04-11,2026-04-18,2026-04-19,received
1062,7,3,2026-04-12,2026-04-18,2026-04-20,received
1063,8,3,2026-04-12,2026-04-18,2026-04-17,received
1064,9,3,2026-04-11,2026-04-18,2026-04-18,received
1065,9,3,2026-04-13,2026-04-18,2026-04-18,received
1066,1,3,2026-04-18,2026-04-25,2026-04-25,received
1067,2,3,2026-04-19,2026-04-25,2026-04-26,received
1068,2,3,2026-04-22,2026-04-25,2026-04-27,received
1069,3,3,2026-04-19,2026-04-25,2026-04-24,received
1070,4,3,2026-04-21,2026-04-25,2026-04-25,received
1071,5,3,2026-04-19,2026-04-25,2026-04-25,partially_received
1072,6,3,2026-04-18,2026-04-25,2026-04-25,received
1073,7,3,2026-04-19,2026-04-25,2026-04-26,received
1074,8,3,2026-04-18,2026-04-25,2026-04-27,received
1075,8,3,2026-04-21,2026-04-25,2026-04-24,received
1076,9,3,2026-04-20,2026-04-25,2026-04-25,received
1077,1,3,2026-04-25,2026-05-02,2026-05-02,received
1078,2,3,2026-04-26,2026-05-02,2026-05-02,received
1079,3,3,2026-04-26,2026-05-02,2026-05-03,received
1080,4,3,2026-04-26,2026-05-02,2026-05-04,received
1081,5,3,2026-04-27,2026-05-02,2026-05-01,received
1082,6,3,2026-04-25,2026-05-02,2026-05-02,received
1083,7,3,2026-04-26,2026-05-02,2026-05-02,received
1084,8,3,2026-04-26,2026-05-02,2026-05-02,received
1085,9,3,2026-04-25,2026-05-02,2026-05-03,received
1086,9,3,2026-04-28,2026-05-02,2026-05-04,received
1087,1,3,2026-05-02,2026-05-09,2026-05-08,received
1088,2,3,2026-05-03,2026-05-09,2026-05-09,partially_received
1089,3,3,2026-05-03,2026-05-09,2026-05-09,received
1090,4,3,2026-05-05,2026-05-09,2026-05-09,received
1091,5,3,2026-05-04,2026-05-09,2026-05-10,received
1092,6,3,2026-05-02,2026-05-09,2026-05-11,received
1093,7,3,2026-05-03,2026-05-09,2026-05-08,received
1094,8,3,2026-05-02,2026-05-09,2026-05-09,received
1095,8,3,2026-05-04,2026-05-09,2026-05-09,received
1096,9,3,2026-05-04,2026-05-09,2026-05-09,received
1097,1,3,2026-05-09,2026-05-16,2026-05-17,received
1098,2,3,2026-05-10,2026-05-16,2026-05-18,received
1099,3,3,2026-05-10,2026-05-16,2026-05-15,received
1100,4,3,2026-05-10,2026-05-16,2026-05-16,received
1101,5,3,2026-05-11,2026-05-16,2026-05-16,received
1102,6,3,2026-05-09,2026-05-16,2026-05-16,received
1103,7,3,2026-05-10,2026-05-16,2026-05-17,received
1104,8,3,2026-05-10,2026-05-16,2026-05-18,received
1105,9,3,2026-05-09,2026-05-16,2026-05-15,partially_received
1106,9,3,2026-05-15,2026-05-16,2026-05-16,received
1107,1,3,2026-05-16,2026-05-23,2026-05-23,received
1108,2,3,2026-05-17,2026-05-23,2026-05-23,received
1109,3,3,2026-05-17,2026-05-23,2026-05-24,received
1110,4,3,2026-05-19,2026-05-23,2026-05-25,received
1111,5,3,2026-05-18,2026-05-23,2026-05-22,received
1112,6,3,2026-05-16,2026-05-23,2026-05-23,received
1113,7,3,2026-05-17,2026-05-23,2026-05-23,received
1114,8,3,2026-05-16,2026-05-23,2026-05-23,received
1115,8,3,2026-05-19,2026-05-23,2026-05-24,received
1116,9,3,2026-05-16,2026-05-23,2026-05-25,received
1117,9,3,2026-05-22,2026-05-23,2026-05-22,received
1118,1,3,2026-05-23,2026-05-30,2026-05-30,received
1119,2,3,2026-05-24,2026-05-30,2026-05-30,received
1120,3,3,2026-05-24,2026-05-30,2026-05-30,received
1121,4,3,2026-05-24,2026-05-30,2026-05-31,received
1122,5,3,2026-05-27,2026-05-30,2026-06-01,partially_received
1123,6,3,2026-05-23,2026-05-30,2026-05-29,received
1124,7,3,2026-05-24,2026-05-30,2026-05-30,received
1125,8,3,2026-05-23,2026-05-30,2026-05-30,received
1126,9,3,2026-05-23,2026-05-30,2026-05-30,received
1127,9,3,2026-05-26,2026-05-30,2026-05-31,received
1128,1,3,2026-05-30,2026-06-06,2026-06-08,received
1129,2,3,2026-05-31,2026-06-06,2026-06-05,received
1130,2,3,2026-06-03,2026-06-06,2026-06-06,received
1131,3,3,2026-05-31,2026-06-06,2026-06-06,received
1132,4,3,2026-06-02,2026-06-06,2026-06-06,received
1133,5,3,2026-06-01,2026-06-06,2026-06-07,received
1134,6,3,2026-05-30,2026-06-06,2026-06-08,received
1135,7,3,2026-05-31,2026-06-06,2026-06-05,received
1136,8,3,2026-05-30,2026-06-06,2026-06-06,received
1137,8,3,2026-06-02,2026-06-06,2026-06-06,received
1138,9,3,2026-06-01,2026-06-06,2026-06-06,received
1139,1,3,2026-06-06,2026-06-13,2026-06-14,partially_received
1140,2,3,2026-06-07,2026-06-13,2026-06-15,received
1141,3,3,2026-06-07,2026-06-13,2026-06-12,received
1142,4,3,2026-06-07,2026-06-13,2026-06-13,received
1143,5,3,2026-06-08,2026-06-13,2026-06-13,received
1144,6,3,2026-06-06,2026-06-13,2026-06-13,received
1145,7,3,2026-06-07,2026-06-13,2026-06-14,received
1146,8,3,2026-06-06,2026-06-13,2026-06-15,received
1147,9,3,2026-06-06,2026-06-13,2026-06-12,received
1148,9,3,2026-06-08,2026-06-13,2026-06-13,received
1149,1,3,2026-06-13,2026-06-20,2026-06-20,received
1150,2,3,2026-06-14,2026-06-20,2026-06-20,received
1151,3,3,2026-06-14,2026-06-20,2026-06-21,received
1152,4,3,2026-06-16,2026-06-20,2026-06-22,received
1153,5,3,2026-06-15,2026-06-20,2026-06-19,received
1154,6,3,2026-06-13,2026-06-20,2026-06-20,received
1155,7,3,2026-06-14,2026-06-20,2026-06-20,received
1156,8,3,2026-06-13,2026-06-20,2026-06-20,partially_received
1157,8,3,2026-06-15,2026-06-20,2026-06-21,received
1158,9,3,2026-06-13,2026-06-20,2026-06-22,received
1159,9,3,2026-06-19,2026-06-20,2026-06-19,received
1160,1,3,2026-06-20,2026-06-27,2026-06-27,received
1161,2,3,2026-06-21,2026-06-27,2026-06-27,received
1162,3,3,2026-06-21,2026-06-27,2026-06-27,received
1163,4,3,2026-06-21,2026-06-27,2026-06-28,received
1164,5,3,2026-06-22,2026-06-27,2026-06-29,received
1165,6,3,2026-06-20,2026-06-27,2026-06-26,received
1166,7,3,2026-06-21,2026-06-27,2026-06-27,received
1167,8,3,2026-06-21,2026-06-27,2026-06-27,received
1168,9,3,2026-06-20,2026-06-27,2026-06-27,received
1169,9,3,2026-06-23,2026-06-27,2026-06-28,received
1170,1,3,2026-06-27,2026-07-04,2026-07-06,received
1171,2,3,2026-06-28,2026-07-04,2026-07-03,received
1172,2,3,2026-07-01,2026-07-04,2026-07-04,received
1173,3,3,2026-06-28,2026-07-04,2026-07-04,partially_received
1174,4,3,2026-06-30,2026-07-04,2026-07-04,received
1175,5,3,2026-06-28,2026-07-04,2026-07-05,received
1176,6,3,2026-06-27,2026-07-04,2026-07-06,received
1177,7,3,2026-06-28,2026-07-04,2026-07-03,received
1178,8,3,2026-06-27,2026-07-04,2026-07-04,received
1179,8,3,2026-06-29,2026-07-04,2026-07-04,received
1180,9,3,2026-06-27,2026-07-04,2026-07-04,received
1181,1,3,2026-07-04,2026-07-11,2026-07-12,received
1182,2,3,2026-07-05,2026-07-11,2026-07-13,received
1183,2,3,2026-07-07,2026-07-11,2026-07-10,received
1184,3,3,2026-07-05,2026-07-11,2026-07-11,received
1185,4,3,2026-07-05,2026-07-11,2026-07-11,received
1186,5,3,2026-07-06,2026-07-11,2026-07-11,received
1187,6,3,2026-07-04,2026-07-11,2026-07-12,received
1188,7,3,2026-07-05,2026-07-11,2026-07-13,received
1189,8,3,2026-07-05,2026-07-11,2026-07-10,received
1190,9,3,2026-07-04,2026-07-11,2026-07-11,partially_received
1191,9,3,2026-07-10,2026-07-11,2026-07-11,received
1192,1,3,2026-07-11,2026-07-18,2026-07-18,received
1193,2,3,2026-07-12,2026-07-18,2026-07-19,received
1194,3,3,2026-07-12,2026-07-18,2026-07-20,received
1195,4,3,2026-07-14,2026-07-18,2026-07-17,received
1196,5,3,2026-07-12,2026-07-18,2026-07-18,received
1197,6,3,2026-07-11,2026-07-18,2026-07-18,received
1198,7,3,2026-07-12,2026-07-18,2026-07-18,received
1199,8,3,2026-07-11,2026-07-18,2026-07-19,received
1200,8,3,2026-07-14,2026-07-18,2026-07-20,received
1201,9,3,2026-07-11,2026-07-18,2026-07-17,received
1202,1,3,2026-07-18,2026-07-25,2026-07-25,received
1203,2,3,2026-07-19,2026-07-25,2026-07-25,received
1204,3,3,2026-07-19,2026-07-25,2026-07-25,received
1205,4,3,2026-07-19,2026-07-25,2026-07-26,received
1206,5,3,2026-07-19,2026-07-25,2026-07-27,received
1207,6,3,2026-07-18,2026-07-25,2026-07-24,partially_received
1208,7,3,2026-07-19,2026-07-25,2026-07-25,received
1209,8,3,2026-07-18,2026-07-25,2026-07-25,received
1210,9,3,2026-07-18,2026-07-25,2026-07-25,received
1211,4,1,2025-11-12,2025-11-16,,cancelled
1212,5,2,2025-11-12,2025-11-17,,cancelled
1213,6,3,2025-11-12,2025-11-19,,cancelled
1214,5,1,2025-12-12,2025-12-17,,cancelled
1215,6,2,2025-12-12,2025-12-19,,cancelled
1216,7,3,2025-12-12,2025-12-16,,cancelled
1217,3,1,2026-01-12,2026-01-17,,cancelled
1218,4,2,2026-01-12,2026-01-16,,cancelled
1219,5,3,2026-01-12,2026-01-17,,cancelled
1220,4,1,2026-02-12,2026-02-16,,cancelled
1221,5,2,2026-02-12,2026-02-17,,cancelled
1222,6,3,2026-02-12,2026-02-19,,cancelled
1223,5,1,2026-03-12,2026-03-17,,cancelled
1224,6,2,2026-03-12,2026-03-19,,cancelled
1225,7,3,2026-03-12,2026-03-16,,cancelled
1226,6,1,2026-04-12,2026-04-19,,cancelled
1227,7,2,2026-04-12,2026-04-16,,cancelled
1228,8,3,2026-04-12,2026-04-19,,cancelled
1229,7,1,2026-05-12,2026-05-16,,cancelled
1230,8,2,2026-05-12,2026-05-19,,cancelled
1231,9,3,2026-05-12,2026-05-16,,cancelled
1232,8,1,2026-06-12,2026-06-19,,cancelled
1233,9,2,2026-06-12,2026-06-16,,cancelled
1234,1,3,2026-06-12,2026-06-19,,cancelled
1235,9,1,2026-07-12,2026-07-16,,cancelled
1236,1,2,2026-07-12,2026-07-19,,cancelled
1237,2,3,2026-07-12,2026-07-14,,cancelled
1238,9,1,2026-07-29,2026-08-05,,submitted
1239,9,2,2026-07-30,2026-08-06,,submitted
1240,9,3,2026-07-31,2026-08-07,,submitted
